Prediction,Accuracy,Error,Reliability,Privacy,Volitionality,Causes Outcome,Causes Cycle,Causes Disparity,Caused by Group,Reliability x Privacy,Reliability x Volitionality,Reliability x Outcome,Reliability x Cycle,Reliability x Disparity,Reliability x Group,Privacy x Volitionality,Privacy x Outcome,Privacy x Cycle,Privacy x Disparity,Privacy x Group,Volitionality x Outcome,Volitionality x Cycle,Volitionality x Disparity,Volitionality x Group,Outcome x Cycle,Outcome x Disparity,Outcome x Group,Cycle x Disparity,Cycle x Group,Disparity x Group
Cross Test Rec,0.733707865169,NA,0.27025492639,-0.0387479035775,0.0602123856757,0.479247400986,-0.0554884035724,-0.192561435906,0.0298597915488,0.056751516219,-0.00247425632063,0.012230989331,0.0430689385529,-0.0618738239338,0.0443555808595,-0.00156366197375,-0.00385452104957,-0.00148682072718,0.0335891281174,0.028458246659,0.00217791112839,0.0236483637739,0.0294992345934,-0.0173810080244,-0.00465028370375,-0.00600716015076,0.00656466293241,-0.0545450381587,0.047446874794,-0.0788337197661
Cross Test Rec,0.711235955056,NA,,0.021461013953,0.0730900244433,0.510531888841,-0.00438031182814,-0.273216413174,0.0873643475403,,,,,,,0.00939652711751,0.00148656977342,-0.000401516281584,0.0326615165835,0.0243625439865,0.00874647669914,0.0289602652324,0.0267378235358,-0.00666955855968,-0.00362426924492,-0.00445001399786,0.00601157352087,-0.0419104376875,0.0350438091764,-0.059344251178
Cross Test Rec,0.738202247191,NA,0.279720318116,,0.0535218599703,0.483940983707,-0.0599736210267,-0.191450544173,0.0429847199272,,0.0145476830539,0.0143029047751,0.0540760381958,-0.0577451929316,0.0387507111559,,,,,,0.00528804445206,0.0254307758517,0.0378955598814,-0.0118561038663,-0.00106119413919,-0.00573103605295,0.00652568565577,-0.0460567603985,0.0490468729505,-0.0736284712553
Cross Test Rec,0.722471910112,NA,0.273935492366,-0.0337236694274,,0.480840257058,-0.0491930664488,-0.20205402773,0.0329503335273,0.0634148659146,,0.0165147730053,0.0428817193722,-0.0645946672984,0.0513758988436,,-0.00479663212363,0.00189133757767,0.0393592731618,0.0295963743316,,,,,-0.000693260619807,-0.00931449018004,0.014026992022,-0.0593577421778,0.0525434541139,-0.0787408433289
Cross Test Rec,0.673033707865,NA,0.313328183174,-0.0281395112929,0.10089391337,,0.0952527375068,-0.204545344668,0.0539671002134,0.0567273153739,-0.000349208598402,,0.0342892924464,-0.0612531594302,0.0485617775787,-0.0101061696488,,0.00241089546438,0.0466975448934,0.0233677573145,,0.028567603987,0.0176429439922,0.000954248031038,,,,-0.0655104407432,0.0501259577388,-0.0680202384931
Cross Test Rec,0.723595505618,NA,0.266568449142,-0.0432567540173,0.0619522718705,0.467903377795,,-0.244297447044,0.0442102638141,0.0595978271269,-0.00256927720859,0.0229219399011,,-0.0383953869787,0.0447569610321,0.000337765849471,3.97942767862e-05,,0.0290235947407,0.0295872850024,0.00652825853751,,0.0390369721951,-0.014533343523,,-0.0213243194042,0.0195823915515,,,-0.0748284907368
Cross Test Rec,0.716853932584,NA,0.23015700927,-0.0399437571855,0.0811170657109,0.480669457619,-0.136924217092,,-0.0749247658215,0.0595214549069,0.00267073197835,0.00796183053623,0.0251576994615,,0.00759180789703,-0.00521310720409,-0.00116013268215,0.00297933425662,,0.0468743823295,0.00480597003972,0.0423601873501,,-0.00374359610092,-0.00900647059971,,-0.00786241082556,,-0.0268072192939,
Cross Test Rec,0.734831460674,NA,0.253200637883,-0.03575102959,0.0663434086567,0.47853969758,-0.0445525185746,-0.183498319151,,0.0545899897201,0.000825903874466,0.0122604536787,0.0439980695194,-0.0284175715426,,0.00124199368138,-4.39168587885e-05,-0.00263948287977,0.0502429100918,,0.00749847900761,0.0265228572735,0.0146617407604,,-0.000505409009873,-0.00892182602127,,-0.052830426802,,
Cross Test Rec,0.669662921348,NA,0.297197357968,0.0154002895135,,,,,,0.0721487362614,,,,,,,,,,,,,,,,,,,,
Cross Test Rec,0.694382022472,NA,0.306796692287,,0.135161026395,,,,,,0.0242222944436,,,,,,,,,,,,,,,,,,,
Cross Test Rec,0.716853932584,NA,0.260411870855,,,0.423711231798,,,,,,0.0395586958464,,,,,,,,,,,,,,,,,,
Cross Test Rec,0.686516853933,NA,0.298157483468,,,,0.0094331498162,,,,,,0.0464943622234,,,,,,,,,,,,,,,,,
Cross Test Rec,0.691011235955,NA,0.31252234346,,,,,-0.0980829835416,,,,,,0.0158323891885,,,,,,,,,,,,,,,,
Cross Test Rec,0.684269662921,NA,0.305709359041,,,,,,-0.0193116215074,,,,,,0.0324389225253,,,,,,,,,,,,,,,
Cross Test Rec,0.669662921348,NA,0.297197357968,0.0154002895135,,,,,,0.0721487362614,,,,,,,,,,,,,,,,,,,,
Cross Test Rec,0.591011235955,NA,,0.0633145165295,0.159282846019,,,,,,,,,,,0.0178704665142,,,,,,,,,,,,,,
Cross Test Rec,0.698876404494,NA,,0.0276558836468,,0.482906163513,,,,,,,,,,,0.0159645905667,,,,,,,,,,,,,
Cross Test Rec,0.577528089888,NA,,0.0797721669388,,,0.0261226709496,,,,,,,,,,,0.0550685677453,,,,,,,,,,,,
Cross Test Rec,0.578651685393,NA,,0.0974191051682,,,,-0.120795953333,,,,,,,,,,,0.0720985193948,,,,,,,,,,,
Cross Test Rec,0.586516853933,NA,,0.0842375876471,,,,,-0.0110145599519,,,,,,,,,,,0.0726795141222,,,,,,,,,,
Cross Test Rec,0.694382022472,NA,0.306796692287,,0.135161026395,,,,,,0.0242222944436,,,,,,,,,,,,,,,,,,,
Cross Test Rec,0.591011235955,NA,,0.0633145165295,0.159282846019,,,,,,,,,,,0.0178704665142,,,,,,,,,,,,,,
Cross Test Rec,0.696629213483,NA,,,0.104466451779,0.472647601882,,,,,,,,,,,,,,,0.0261479309533,,,,,,,,,
Cross Test Rec,0.604494382022,NA,,,0.152736219441,,0.0347426888139,,,,,,,,,,,,,,,0.0641511115861,,,,,,,,
Cross Test Rec,0.62808988764,NA,,,0.155662514008,,,-0.0933574491898,,,,,,,,,,,,,,,0.0597449739991,,,,,,,
Cross Test Rec,0.598876404494,NA,,,0.162904634353,,,,0.00280822968979,,,,,,,,,,,,,,,0.0510275532928,,,,,,
Cross Test Rec,0.716853932584,NA,0.260411870855,,,0.423711231798,,,,,,0.0395586958464,,,,,,,,,,,,,,,,,,
Cross Test Rec,0.698876404494,NA,,0.0276558836468,,0.482906163513,,,,,,,,,,,0.0159645905667,,,,,,,,,,,,,
Cross Test Rec,0.696629213483,NA,,,0.104466451779,0.472647601882,,,,,,,,,,,,,,,0.0261479309533,,,,,,,,,
Cross Test Rec,0.694382022472,NA,,,,0.529163236799,-0.104343095489,,,,,,,,,,,,,,,,,,0.00969611698781,,,,,
Cross Test Rec,0.703370786517,NA,,,,0.545855984322,,-0.188406245443,,,,,,,,,,,,,,,,,,0.00262367874221,,,,
Cross Test Rec,0.695505617978,NA,,,,0.509140530662,,,-0.0698686724786,,,,,,,,,,,,,,,,,,0.0112430543386,,,
Cross Test Rec,0.686516853933,NA,0.298157483468,,,,0.0094331498162,,,,,,0.0464943622234,,,,,,,,,,,,,,,,,
Cross Test Rec,0.577528089888,NA,,0.0797721669388,,,0.0261226709496,,,,,,,,,,,0.0550685677453,,,,,,,,,,,,
Cross Test Rec,0.604494382022,NA,,,0.152736219441,,0.0347426888139,,,,,,,,,,,,,,,0.0641511115861,,,,,,,,
Cross Test Rec,0.694382022472,NA,,,,0.529163236799,-0.104343095489,,,,,,,,,,,,,,,,,,0.00969611698781,,,,,
Cross Test Rec,0.598876404494,NA,,,,,0.20491810226,-0.182765520242,,,,,,,,,,,,,,,,,,,,-0.0127383784083,,
Cross Test Rec,0.591011235955,NA,,,,,0.0745503947145,,-0.00149385028466,,,,,,,,,,,,,,,,,,,,0.0141599475382,
Cross Test Rec,0.691011235955,NA,0.31252234346,,,,,-0.0980829835416,,,,,,0.0158323891885,,,,,,,,,,,,,,,,
Cross Test Rec,0.578651685393,NA,,0.0974191051682,,,,-0.120795953333,,,,,,,,,,,0.0720985193948,,,,,,,,,,,
Cross Test Rec,0.62808988764,NA,,,0.155662514008,,,-0.0933574491898,,,,,,,,,,,,,,,0.0597449739991,,,,,,,
Cross Test Rec,0.703370786517,NA,,,,0.545855984322,,-0.188406245443,,,,,,,,,,,,,,,,,,0.00262367874221,,,,
Cross Test Rec,0.598876404494,NA,,,,,0.20491810226,-0.182765520242,,,,,,,,,,,,,,,,,,,,-0.0127383784083,,
Cross Test Rec,0.594382022472,NA,,,,,,-0.2013425103,0.190983231554,,,,,,,,,,,,,,,,,,,,,-0.0247214460359
Cross Test Rec,0.684269662921,NA,0.305709359041,,,,,,-0.0193116215074,,,,,,0.0324389225253,,,,,,,,,,,,,,,
Cross Test Rec,0.586516853933,NA,,0.0842375876471,,,,,-0.0110145599519,,,,,,,,,,,0.0726795141222,,,,,,,,,,
Cross Test Rec,0.598876404494,NA,,,0.162904634353,,,,0.00280822968979,,,,,,,,,,,,,,,0.0510275532928,,,,,,
Cross Test Rec,0.695505617978,NA,,,,0.509140530662,,,-0.0698686724786,,,,,,,,,,,,,,,,,,0.0112430543386,,,
Cross Test Rec,0.591011235955,NA,,,,,0.0745503947145,,-0.00149385028466,,,,,,,,,,,,,,,,,,,,0.0141599475382,
Cross Test Rec,0.594382022472,NA,,,,,,-0.2013425103,0.190983231554,,,,,,,,,,,,,,,,,,,,,-0.0247214460359
Cross Test Unem,0.668989547038,NA,0.319933720417,0.0152877905101,0.0764750004297,0.507285331922,-0.0261119490771,-0.216574292116,0.0623013738991,0.0046613239489,-0.0272698714358,0.021027718155,0.0370902624417,-0.0218333838404,0.00537934809606,-0.00211192736788,0.0121935536515,-0.0299150430005,0.0165093223186,0.0451649519712,-0.00490318248039,0.0176701593408,0.0367357059612,-0.018477244978,-0.00205743482077,0.0188428736412,-0.00312966615988,-0.0585832963994,0.0333965151886,-0.0445707808191
Cross Test Unem,0.663182346109,NA,,-0.00747153919666,0.0619066710629,0.555250626893,-0.00559206448604,-0.22251933853,0.068557995304,,,,,,,0.00764098325194,0.0171276825841,-0.0243287316214,0.0119935060512,0.0497527066153,0.00452470235489,0.0277125115582,0.0238239724868,-0.00795094715567,-0.00540220389368,0.0160808062817,-0.00257028337917,-0.0448298828119,0.0221059698019,-0.0336266191041
Cross Test Unem,0.668989547038,NA,0.320644267924,,0.0746004773913,0.517089439438,-0.0391720415913,-0.208487183335,0.0812774649392,,-0.0195044647782,0.0202916041321,0.0459501935309,-0.0255373829582,-0.00159918616543,,,,,,-0.00287864770982,0.014112336289,0.0411768006177,-0.011080143423,0.00201290296735,0.01762879959,0.000952178632427,-0.0562594109505,0.0393400244409,-0.0433300264305
Cross Test Unem,0.672473867596,NA,0.324274126337,0.0301863218263,,0.507883058582,-0.0198564995382,-0.21638749325,0.0657315147037,0.00218189432731,,0.0248772106501,0.0343902103823,-0.0229632874667,0.00837627396031,,0.00889257575025,-0.0271752405057,0.0198562246401,0.0453257287118,,,,,0.00149906590785,0.0199617936805,-0.00138073229216,-0.0581980565233,0.0347785977474,-0.0437170032415
Cross Test Unem,0.674796747967,NA,0.370873987857,0.0413269958685,0.110267692726,,0.105419172409,-0.225893036483,0.0787633779832,0.0162681819927,-0.0110919346929,,0.0310794851286,-0.0303948449274,0.0144778424315,-0.00536134386455,,-0.0209157975029,0.0469614786864,0.0298050179095,,0.0284002286217,0.0288203218338,-0.000557392490094,,,,-0.0662992299478,0.0337509168011,-0.0385343126458
Cross Test Unem,0.664343786295,NA,0.315871940304,0.0117426962434,0.0786319928774,0.504841833521,,-0.248624630631,0.0727782635247,0.0103877713314,-0.0271519332672,0.0270953051083,,0.000451088808768,0.00483335396828,-0.00222855000684,0.0092411932499,,-0.00445197753853,0.0467268932899,-0.0032833687356,,0.0431542244099,-0.0166691190067,,0.00648425574049,0.00387723434293,,,-0.0492957961464
Cross Test Unem,0.651567944251,NA,0.297001600787,0.00809069179635,0.0863368916251,0.516011942819,-0.124354734081,,-0.047524986905,0.00997307244438,-0.0219520550163,0.021334389739,0.0286924085043,,-0.00631862529386,-0.00210813849724,0.00764355139309,-0.0268405178738,,0.0569799512252,-0.00494964139083,0.0393281965955,,-0.0039120565569,0.00414315778439,,0.000876961041776,,-0.0316802225189,
Cross Test Unem,0.67131242741,NA,0.317137912874,0.00926238894043,0.082783240332,0.50524264384,-0.0216227632918,-0.173800951152,,0.00563800071602,-0.0244126721899,0.0228481315357,0.0376475512296,-0.0208605037905,,1.71338745115e-05,0.0140018766584,-0.0287416909216,0.0459083842754,,-0.00152349535036,0.0197346346184,0.0229687300922,,0.00160237114075,0.0112461385766,,-0.053422741493,,
Cross Test Unem,0.642276422764,NA,0.370028081063,0.0753452329227,,,,,,0.0323603962641,,,,,,,,,,,,,,,,,,,,
Cross Test Unem,0.645760743322,NA,0.361507925597,,0.14540675396,,,,,,0.00692399838529,,,,,,,,,,,,,,,,,,,
Cross Test Unem,0.649245063879,NA,0.314340706091,,,0.486270258454,,,,,,0.0386185487086,,,,,,,,,,,,,,,,,,
Cross Test Unem,0.650406504065,NA,0.360200072347,,,,0.0320446866042,,,,,,0.0339972100821,,,,,,,,,,,,,,,,,
Cross Test Unem,0.652729384437,NA,0.37630342806,,,,,-0.0684178703421,,,,,,0.0067437781524,,,,,,,,,,,,,,,,
Cross Test Unem,0.650406504065,NA,0.369283272449,,,,,,0.0148888935611,,,,,,0.0126714540391,,,,,,,,,,,,,,,
Cross Test Unem,0.642276422764,NA,0.370028081063,0.0753452329227,,,,,,0.0323603962641,,,,,,,,,,,,,,,,,,,,
Cross Test Unem,0.598141695703,NA,,0.0503449341977,0.153723983015,,,,,,,,,,,0.0224501153021,,,,,,,,,,,,,,
Cross Test Unem,0.637630662021,NA,,-0.00432701093292,,0.555569809954,,,,,,,,,,,0.0183170939118,,,,,,,,,,,,,
Cross Test Unem,0.594657375145,NA,,0.0703087271364,,,0.0350372308605,,,,,,,,,,,0.0474229690123,,,,,,,,,,,,
Cross Test Unem,0.613240418118,NA,,0.0870879108381,,,,-0.093320535024,,,,,,,,,,,0.0713306780469,,,,,,,,,,,
Cross Test Unem,0.595818815331,NA,,0.0754722041158,,,,,-0.000539685018281,,,,,,,,,,,0.0794257044193,,,,,,,,,,
Cross Test Unem,0.645760743322,NA,0.361507925597,,0.14540675396,,,,,,0.00692399838529,,,,,,,,,,,,,,,,,,,
Cross Test Unem,0.598141695703,NA,,0.0503449341977,0.153723983015,,,,,,,,,,,0.0224501153021,,,,,,,,,,,,,,
Cross Test Unem,0.637630662021,NA,,,0.0758447862906,0.541177988017,,,,,,,,,,,,,,,0.0155412480055,,,,,,,,,
Cross Test Unem,0.622531939605,NA,,,0.14502139338,,0.0278571311686,,,,,,,,,,,,,,,0.0681808937881,,,,,,,,
Cross Test Unem,0.64343786295,NA,,,0.154136823333,,,-0.0800398740143,,,,,,,,,,,,,,,0.0648952774427,,,,,,,
Cross Test Unem,0.619047619048,NA,,,0.156751488047,,,,0.00738131584674,,,,,,,,,,,,,,,0.0559474307808,,,,,,
Cross Test Unem,0.649245063879,NA,0.314340706091,,,0.486270258454,,,,,,0.0386185487086,,,,,,,,,,,,,,,,,,
Cross Test Unem,0.637630662021,NA,,-0.00432701093292,,0.555569809954,,,,,,,,,,,0.0183170939118,,,,,,,,,,,,,
Cross Test Unem,0.637630662021,NA,,,0.0758447862906,0.541177988017,,,,,,,,,,,,,,,0.0155412480055,,,,,,,,,
Cross Test Unem,0.636469221835,NA,,,,0.586701269754,-0.10287723459,,,,,,,,,,,,,,,,,,0.0205719256453,,,,,
Cross Test Unem,0.644599303136,NA,,,,0.590989570369,,-0.161947104721,,,,,,,,,,,,,,,,,,0.020591121867,,,,
Cross Test Unem,0.634146341463,NA,,,,0.570476600823,,,-0.062532503381,,,,,,,,,,,,,,,,,,0.0205036478999,,,
Cross Test Unem,0.650406504065,NA,0.360200072347,,,,0.0320446866042,,,,,,0.0339972100821,,,,,,,,,,,,,,,,,
Cross Test Unem,0.594657375145,NA,,0.0703087271364,,,0.0350372308605,,,,,,,,,,,0.0474229690123,,,,,,,,,,,,
Cross Test Unem,0.622531939605,NA,,,0.14502139338,,0.0278571311686,,,,,,,,,,,,,,,0.0681808937881,,,,,,,,
Cross Test Unem,0.636469221835,NA,,,,0.586701269754,-0.10287723459,,,,,,,,,,,,,,,,,,0.0205719256453,,,,,
Cross Test Unem,0.608594657375,NA,,,,,0.184348932634,-0.149930876256,,,,,,,,,,,,,,,,,,,,-0.00980383477912,,
Cross Test Unem,0.598141695703,NA,,,,,0.0685526035251,,0.0121370732608,,,,,,,,,,,,,,,,,,,,0.013501101797,
Cross Test Unem,0.652729384437,NA,0.37630342806,,,,,-0.0684178703421,,,,,,0.0067437781524,,,,,,,,,,,,,,,,
Cross Test Unem,0.613240418118,NA,,0.0870879108381,,,,-0.093320535024,,,,,,,,,,,0.0713306780469,,,,,,,,,,,
Cross Test Unem,0.64343786295,NA,,,0.154136823333,,,-0.0800398740143,,,,,,,,,,,,,,,0.0648952774427,,,,,,,
Cross Test Unem,0.644599303136,NA,,,,0.590989570369,,-0.161947104721,,,,,,,,,,,,,,,,,,0.020591121867,,,,
Cross Test Unem,0.608594657375,NA,,,,,0.184348932634,-0.149930876256,,,,,,,,,,,,,,,,,,,,-0.00980383477912,,
Cross Test Unem,0.612078977933,NA,,,,,,-0.166568594578,0.173011400205,,,,,,,,,,,,,,,,,,,,,-0.00621757253077
Cross Test Unem,0.650406504065,NA,0.369283272449,,,,,,0.0148888935611,,,,,,0.0126714540391,,,,,,,,,,,,,,,
Cross Test Unem,0.595818815331,NA,,0.0754722041158,,,,,-0.000539685018281,,,,,,,,,,,0.0794257044193,,,,,,,,,,
Cross Test Unem,0.619047619048,NA,,,0.156751488047,,,,0.00738131584674,,,,,,,,,,,,,,,0.0559474307808,,,,,,
Cross Test Unem,0.634146341463,NA,,,,0.570476600823,,,-0.062532503381,,,,,,,,,,,,,,,,,,0.0205036478999,,,
Cross Test Unem,0.598141695703,NA,,,,,0.0685526035251,,0.0121370732608,,,,,,,,,,,,,,,,,,,,0.013501101797,
Cross Test Unem,0.612078977933,NA,,,,,,-0.166568594578,0.173011400205,,,,,,,,,,,,,,,,,,,,,-0.00621757253077
Cross Test CPS,0.793340987371,NA,0.323296296215,-0.0172082014109,0.0919823743253,0.479154388021,-0.0464899236121,-0.221631841461,0.0590375476815,0.0245877478783,-0.0259707898569,-0.00357104852429,0.0487538416675,-0.0492816722078,0.0212725058009,-0.00478037261546,0.00211594861601,-0.00831888922905,0.0281252759453,0.0283066497747,-0.00239153550063,0.0379745047273,0.0393681900138,-0.0257974587172,-0.0223682669156,-0.00395935813588,0.00104884268471,-0.0448057371484,0.0315698794434,-0.0592605372017
Cross Test CPS,0.787600459242,NA,,-0.023093793013,0.0692024258301,0.499842909034,-0.0101636304448,-0.269076534063,0.0984218474001,,,,,,,0.000904110779586,0.0124954901471,-0.0099405437281,0.0266556922779,0.0315674126341,-0.000945693798848,0.0450492151891,0.031466494758,-0.0218891848158,-0.0183472519572,-0.000551403886,0.00210890093555,-0.0378621800392,0.0276773121217,-0.0471621330594
Cross Test CPS,0.791044776119,NA,0.327037586579,,0.0821738201398,0.489097563161,-0.0551683132329,-0.21310445486,0.0683433064718,,-0.0127794719533,-0.00297412481275,0.0566000472257,-0.0518325647969,0.0151366675744,,,,,,-0.00191816638135,0.0379677537614,0.0448654222233,-0.0208332506306,-0.0189043685139,-0.00360041776977,0.00105306429788,-0.0394409898432,0.0359272280404,-0.0555437195769
Cross Test CPS,0.779563719862,NA,0.320126258619,-0.000195409491532,,0.484462741464,-0.034599100978,-0.224254960342,0.0706427908414,0.0238777758929,,-0.0029539470361,0.0480623651788,-0.0515565721867,0.022827185071,,-0.0002390775787,0.000268270998649,0.0315159244217,0.0263032671609,,,,,-0.0185487155008,-0.00672263184475,0.0104785134671,-0.0476549727129,0.0359985666593,-0.0575298964896
Cross Test CPS,0.746268656716,NA,0.359447761359,-0.0241277630991,0.145330432938,,0.0913390597596,-0.222754990784,0.0629104610179,0.0341937298955,-0.0314557373641,,0.0394281356559,-0.0453566413071,0.0278491223042,-0.015775778013,,-0.00437538405394,0.0514851057487,0.0192295924042,,0.0341427592987,0.0254141959045,-0.00760179564538,,,,-0.0528264724224,0.0290216313555,-0.0464650768804
Cross Test CPS,0.801377726751,NA,0.324109980223,-0.0204009371719,0.0987308751328,0.461300567794,,-0.259086309386,0.0713075388144,0.0298115786949,-0.029714943334,0.0116295036763,,-0.0266237659845,0.0230936212012,-0.00317522839768,0.00301873009845,,0.0207998299327,0.0283763153637,0.00495307802484,,0.0532076966202,-0.0229848838339,,-0.025504890333,0.0118191301641,,,-0.0612488157972
Cross Test CPS,0.801377726751,NA,0.292124189428,-0.0238202014512,0.106274173176,0.476812648373,-0.135688177552,,-0.053159740793,0.0304500738511,-0.0177816157836,-0.00817676732169,0.0359940008495,,-0.011268290247,-0.00766268114235,-0.00116008222758,-0.000870612866203,,0.0431708132637,-9.17563927725e-05,0.0566506149769,,-0.00530387632165,-0.0263073104038,,-0.00987925161603,,-0.0262632890991,
Cross Test CPS,0.791044776119,NA,0.316133574869,-0.0234799535973,0.101409612873,0.472935742271,-0.0447714558959,-0.174327937479,,0.0265713814335,-0.0252384818686,-0.00263957317646,0.0523995309559,-0.0393974611505,,-0.00348943648504,0.00448043262907,-0.00801676701232,0.045158848821,,0.000706821390486,0.0388125333425,0.0205225184372,,-0.022847370555,-0.00615332861629,,-0.045250043137,,
Cross Test CPS,0.729047072331,NA,0.343085567562,0.0192512431968,,,,,,0.0423833069461,,,,,,,,,,,,,,,,,,,,
Cross Test CPS,0.730195177956,NA,0.345733737947,,0.157805357234,,,,,,-0.00618655449439,,,,,,,,,,,,,,,,,,,
Cross Test CPS,0.792192881745,NA,0.303994931733,,,0.434062866554,,,,,,0.010244617341,,,,,,,,,,,,,,,,,,
Cross Test CPS,0.729047072331,NA,0.3383410666,,,,0.0193903137358,,,,,,0.0334713773072,,,,,,,,,,,,,,,,,
Cross Test CPS,0.724454649828,NA,0.356141670396,,,,,-0.0831756554601,,,,,,-0.00241169089536,,,,,,,,,,,,,,,,
Cross Test CPS,0.729047072331,NA,0.347928279815,,,,,,-0.00517351815591,,,,,,0.00793143857208,,,,,,,,,,,,,,,
Cross Test CPS,0.729047072331,NA,0.343085567562,0.0192512431968,,,,,,0.0423833069461,,,,,,,,,,,,,,,,,,,,
Cross Test CPS,0.745120551091,NA,,0.00761902031838,0.152357686382,,,,,,,,,,,0.00780776689159,,,,,,,,,,,,,,
Cross Test CPS,0.779563719862,NA,,-0.0198953782568,,0.472633910586,,,,,,,,,,,0.0112968453458,,,,,,,,,,,,,
Cross Test CPS,0.717566016073,NA,,0.018531263443,,,0.0362257460901,,,,,,,,,,,0.0517080413215,,,,,,,,,,,,
Cross Test CPS,0.738231917336,NA,,0.0358597434236,,,,-0.103885887908,,,,,,,,,,,0.0743168492232,,,,,,,,,,,
Cross Test CPS,0.726750861079,NA,,0.0283633698754,,,,,-0.00317353296481,,,,,,,,,,,0.0717353206537,,,,,,,,,,
Cross Test CPS,0.730195177956,NA,0.345733737947,,0.157805357234,,,,,,-0.00618655449439,,,,,,,,,,,,,,,,,,,
Cross Test CPS,0.745120551091,NA,,0.00761902031838,0.152357686382,,,,,,,,,,,0.00780776689159,,,,,,,,,,,,,,
Cross Test CPS,0.777267508611,NA,,,0.0883360111737,0.451652543452,,,,,,,,,,,,,,,0.0162955865283,,,,,,,,,
Cross Test CPS,0.722158438576,NA,,,0.134797419729,,0.0135019110953,,,,,,,,,,,,,,,0.0595675120588,,,,,,,,
Cross Test CPS,0.723306544202,NA,,,0.138492018071,,,-0.101952608549,,,,,,,,,,,,,,,0.0560314004732,,,,,,,
Cross Test CPS,0.733639494834,NA,,,0.147809179909,,,,-0.00975802787517,,,,,,,,,,,,,,,0.039588883347,,,,,,
Cross Test CPS,0.792192881745,NA,0.303994931733,,,0.434062866554,,,,,,0.010244617341,,,,,,,,,,,,,,,,,,
Cross Test CPS,0.779563719862,NA,,-0.0198953782568,,0.472633910586,,,,,,,,,,,0.0112968453458,,,,,,,,,,,,,
Cross Test CPS,0.777267508611,NA,,,0.0883360111737,0.451652543452,,,,,,,,,,,,,,,0.0162955865283,,,,,,,,,
Cross Test CPS,0.777267508611,NA,,,,0.513020866181,-0.10532386401,,,,,,,,,,,,,,,,,,-0.00720617766401,,,,,
Cross Test CPS,0.780711825488,NA,,,,0.522557940919,,-0.182585067567,,,,,,,,,,,,,,,,,,-0.00296676376725,,,,
Cross Test CPS,0.779563719862,NA,,,,0.486777872854,,,-0.0658441180114,,,,,,,,,,,,,,,,,,0.00312822268975,,,
Cross Test CPS,0.729047072331,NA,0.3383410666,,,,0.0193903137358,,,,,,0.0334713773072,,,,,,,,,,,,,,,,,
Cross Test CPS,0.717566016073,NA,,0.018531263443,,,0.0362257460901,,,,,,,,,,,0.0517080413215,,,,,,,,,,,,
Cross Test CPS,0.722158438576,NA,,,0.134797419729,,0.0135019110953,,,,,,,,,,,,,,,0.0595675120588,,,,,,,,
Cross Test CPS,0.777267508611,NA,,,,0.513020866181,-0.10532386401,,,,,,,,,,,,,,,,,,-0.00720617766401,,,,,
Cross Test CPS,0.721010332951,NA,,,,,0.165982752824,-0.162958212204,,,,,,,,,,,,,,,,,,,,-0.00476438728307,,
Cross Test CPS,0.719862227325,NA,,,,,0.0604807725487,,-0.00629132126007,,,,,,,,,,,,,,,,,,,,0.0130526059708,
Cross Test CPS,0.724454649828,NA,0.356141670396,,,,,-0.0831756554601,,,,,,-0.00241169089536,,,,,,,,,,,,,,,,
Cross Test CPS,0.738231917336,NA,,0.0358597434236,,,,-0.103885887908,,,,,,,,,,,0.0743168492232,,,,,,,,,,,
Cross Test CPS,0.723306544202,NA,,,0.138492018071,,,-0.101952608549,,,,,,,,,,,,,,,0.0560314004732,,,,,,,
Cross Test CPS,0.780711825488,NA,,,,0.522557940919,,-0.182585067567,,,,,,,,,,,,,,,,,,-0.00296676376725,,,,
Cross Test CPS,0.721010332951,NA,,,,,0.165982752824,-0.162958212204,,,,,,,,,,,,,,,,,,,,-0.00476438728307,,
Cross Test CPS,0.727898966705,NA,,,,,,-0.192932770549,0.168519988953,,,,,,,,,,,,,,,,,,,,,-0.0103804000695
Cross Test CPS,0.729047072331,NA,0.347928279815,,,,,,-0.00517351815591,,,,,,0.00793143857208,,,,,,,,,,,,,,,
Cross Test CPS,0.726750861079,NA,,0.0283633698754,,,,,-0.00317353296481,,,,,,,,,,,0.0717353206537,,,,,,,,,,
Cross Test CPS,0.733639494834,NA,,,0.147809179909,,,,-0.00975802787517,,,,,,,,,,,,,,,0.039588883347,,,,,,
Cross Test CPS,0.779563719862,NA,,,,0.486777872854,,,-0.0658441180114,,,,,,,,,,,,,,,,,,0.00312822268975,,,
Cross Test CPS,0.719862227325,NA,,,,,0.0604807725487,,-0.00629132126007,,,,,,,,,,,,,,,,,,,,0.0130526059708,
Cross Test CPS,0.727898966705,NA,,,,,,-0.192932770549,0.168519988953,,,,,,,,,,,,,,,,,,,,,-0.0103804000695
Cross Test Hos,0.757664233577,NA,0.282367128563,-0.0246403373171,0.096162491941,0.478107443928,-0.0592151233769,-0.196228092898,0.0242327502699,0.0199490698524,-0.0114061572548,0.00469956014051,0.0501205991723,-0.0385256074052,0.0365184408202,0.0114557332317,0.00177288714517,-0.0153860656159,0.0250609520378,0.0318162270262,-0.00152690064477,0.0345751528366,0.0271588439161,-0.0181705148143,-0.00139704486839,-0.00432053236459,-0.00504241978343,-0.0405687054728,0.0467154700878,-0.0620993323325
Cross Test Hos,0.735766423358,NA,,-0.0382704142685,0.101074660137,0.503630062243,-0.00972593573832,-0.225684634378,0.0678274583392,,,,,,,0.0219959501749,0.00941550783651,-0.0138505246153,0.0281163647874,0.0286392972016,0.00624537836377,0.0378669324437,0.0147001510605,-0.00264209604469,-0.00255312373076,-0.0012433057161,-0.00313760804692,-0.0320060351027,0.0387163049626,-0.0477981423576
Cross Test Hos,0.753284671533,NA,0.287714198301,,0.0897555377677,0.482951372025,-0.0640517169391,-0.194732039219,0.032621796496,,-0.00366846224923,0.00741725629134,0.0568134915238,-0.0402761358011,0.0309600919808,,,,,,0.00177069911517,0.0341571476874,0.034366895659,-0.0129412273451,0.00182731510221,-0.00446934341474,-0.00471757668848,-0.0370026098517,0.0527282052526,-0.0586163246484
Cross Test Hos,0.763503649635,NA,0.286863172733,-0.00745673374137,,0.480489258359,-0.0479763045437,-0.206846498024,0.0316462266793,0.0239294955864,,0.0100010579912,0.0493144752158,-0.0409810426595,0.0440529459028,,0.00139000912263,-0.00816007138161,0.0245124557547,0.0356102718465,,,,,0.00221146425633,-0.00589825498514,0.00399094463194,-0.0470045116328,0.0525186476733,-0.0603042815915
Cross Test Hos,0.716788321168,NA,0.322844732505,-0.0263819661344,0.151997383346,,0.0881848082254,-0.212120464065,0.043155834327,0.0266618735583,-0.0118170404578,,0.0359683434374,-0.0331365033076,0.0415946850996,0.0036749135207,,-0.0132497313889,0.0491432185448,0.0285399057361,,0.0266999652208,0.0172591560379,0.00412918075556,,,,-0.0493330643941,0.0386908944098,-0.0555370205792
Cross Test Hos,0.751824817518,NA,0.285044298455,-0.0289063390713,0.102497609658,0.459650519858,,-0.239438464905,0.0338674345545,0.0255027749416,-0.0124235253342,0.0168855472373,,-0.015496490846,0.0390305318415,0.0130384291756,0.00299195401963,,0.0109935461695,0.0365843632961,0.00660453944875,,0.0418563767097,-0.014246442705,,-0.0124637406519,0.00590292891171,,,-0.0529579375276
Cross Test Hos,0.735766423358,NA,0.256966833813,-0.0303403666508,0.108519391874,0.481582864865,-0.141787793952,,-0.0799136081156,0.0248028501536,-0.00322107201741,0.00173009082016,0.0368934184411,,0.0119524273279,0.0100775275354,-0.000162250932279,-0.0135427824925,,0.0493674472902,0.000480003707116,0.0478397279961,,-0.0022977769632,-0.00671079827176,,-0.0120764710318,,-0.0135197081669,
Cross Test Hos,0.757664233577,NA,0.271594459824,-0.0269937679872,0.100860287202,0.479153114264,-0.0605404799175,-0.178812623391,,0.020977574533,-0.00621624238994,0.00582932861498,0.0516293452669,-0.0148899825389,,0.0145309158146,0.00528833527835,-0.0165706126341,0.0446652996726,,0.00194582326284,0.0366867447838,0.0118637656936,,0.000756607773644,-0.0151413592948,,-0.0299426241916,,
Cross Test Hos,0.697810218978,NA,0.33504382525,0.0212442383826,,,,,,0.048141926993,,,,,,,,,,,,,,,,,,,,
Cross Test Hos,0.69197080292,NA,0.328223843297,,0.181008800939,,,,,,0.00992901984884,,,,,,,,,,,,,,,,,,,
Cross Test Hos,0.748905109489,NA,0.283754080267,,,0.432707726432,,,,,,0.0329172539192,,,,,,,,,,,,,,,,,,
Cross Test Hos,0.697810218978,NA,0.31871699244,,,,-0.00192248913279,,,,,,0.0486749480843,,,,,,,,,,,,,,,,,
Cross Test Hos,0.684671532847,NA,0.338750898903,,,,,-0.107894886762,,,,,,0.0229849543168,,,,,,,,,,,,,,,,
Cross Test Hos,0.693430656934,NA,0.333373074155,,,,,,-0.0291771366304,,,,,,0.0348806718428,,,,,,,,,,,,,,,
Cross Test Hos,0.697810218978,NA,0.33504382525,0.0212442383826,,,,,,0.048141926993,,,,,,,,,,,,,,,,,,,,
Cross Test Hos,0.594160583942,NA,,-0.00191287550197,0.203930536213,,,,,,,,,,,0.0357308274316,,,,,,,,,,,,,,
Cross Test Hos,0.734306569343,NA,,-0.0219576072716,,0.496892493396,,,,,,,,,,,0.0176624662834,,,,,,,,,,,,,
Cross Test Hos,0.65401459854,NA,,0.0188925720654,,,0.0435853266608,,,,,,,,,,,0.0514034420663,,,,,,,,,,,,
Cross Test Hos,0.684671532847,NA,,0.0412980883313,,,,-0.094229892628,,,,,,,,,,,0.072898543604,,,,,,,,,,,
Cross Test Hos,0.659854014599,NA,,0.0259792755808,,,,,0.00484823049496,,,,,,,,,,,0.0798945768831,,,,,,,,,,
Cross Test Hos,0.69197080292,NA,0.328223843297,,0.181008800939,,,,,,0.00992901984884,,,,,,,,,,,,,,,,,,,
Cross Test Hos,0.594160583942,NA,,-0.00191287550197,0.203930536213,,,,,,,,,,,0.0357308274316,,,,,,,,,,,,,,
Cross Test Hos,0.72700729927,NA,,,0.123589474314,0.467455880173,,,,,,,,,,,,,,,0.0260939638426,,,,,,,,,
Cross Test Hos,0.652554744526,NA,,,0.175698049262,,0.0189074177875,,,,,,,,,,,,,,,0.0602871617391,,,,,,,,
Cross Test Hos,0.668613138686,NA,,,0.183197010974,,,-0.0920619329992,,,,,,,,,,,,,,,0.0578478437538,,,,,,,
Cross Test Hos,0.63503649635,NA,,,0.192841157904,,,,-0.0115983174542,,,,,,,,,,,,,,,0.053401864963,,,,,,
Cross Test Hos,0.748905109489,NA,0.283754080267,,,0.432707726432,,,,,,0.0329172539192,,,,,,,,,,,,,,,,,,
Cross Test Hos,0.734306569343,NA,,-0.0219576072716,,0.496892493396,,,,,,,,,,,0.0176624662834,,,,,,,,,,,,,
Cross Test Hos,0.72700729927,NA,,,0.123589474314,0.467455880173,,,,,,,,,,,,,,,0.0260939638426,,,,,,,,,
Cross Test Hos,0.738686131387,NA,,,,0.527927711345,-0.106045207468,,,,,,,,,,,,,,,,,,0.0102350612415,,,,,
Cross Test Hos,0.737226277372,NA,,,,0.539164641485,,-0.17507039138,,,,,,,,,,,,,,,,,,0.00571161956127,,,,
Cross Test Hos,0.734306569343,NA,,,,0.50912172655,,,-0.0689940908403,,,,,,,,,,,,,,,,,,0.0139557792596,,,
Cross Test Hos,0.697810218978,NA,0.31871699244,,,,-0.00192248913279,,,,,,0.0486749480843,,,,,,,,,,,,,,,,,
Cross Test Hos,0.65401459854,NA,,0.0188925720654,,,0.0435853266608,,,,,,,,,,,0.0514034420663,,,,,,,,,,,,
Cross Test Hos,0.652554744526,NA,,,0.175698049262,,0.0189074177875,,,,,,,,,,,,,,,0.0602871617391,,,,,,,,
Cross Test Hos,0.738686131387,NA,,,,0.527927711345,-0.106045207468,,,,,,,,,,,,,,,,,,0.0102350612415,,,,,
Cross Test Hos,0.646715328467,NA,,,,,0.171138590081,-0.159910712499,,,,,,,,,,,,,,,,,,,,0.00110868068515,,
Cross Test Hos,0.661313868613,NA,,,,,0.0591272134705,,-0.0023663595112,,,,,,,,,,,,,,,,,,,,0.0228090688305,
Cross Test Hos,0.684671532847,NA,0.338750898903,,,,,-0.107894886762,,,,,,0.0229849543168,,,,,,,,,,,,,,,,
Cross Test Hos,0.684671532847,NA,,0.0412980883313,,,,-0.094229892628,,,,,,,,,,,0.072898543604,,,,,,,,,,,
Cross Test Hos,0.668613138686,NA,,,0.183197010974,,,-0.0920619329992,,,,,,,,,,,,,,,0.0578478437538,,,,,,,
Cross Test Hos,0.737226277372,NA,,,,0.539164641485,,-0.17507039138,,,,,,,,,,,,,,,,,,0.00571161956127,,,,
Cross Test Hos,0.646715328467,NA,,,,,0.171138590081,-0.159910712499,,,,,,,,,,,,,,,,,,,,0.00110868068515,,
Cross Test Hos,0.667153284672,NA,,,,,,-0.181853933146,0.171528343958,,,,,,,,,,,,,,,,,,,,,-0.00941219575292
Cross Test Hos,0.693430656934,NA,0.333373074155,,,,,,-0.0291771366304,,,,,,0.0348806718428,,,,,,,,,,,,,,,
Cross Test Hos,0.659854014599,NA,,0.0259792755808,,,,,0.00484823049496,,,,,,,,,,,0.0798945768831,,,,,,,,,,
Cross Test Hos,0.63503649635,NA,,,0.192841157904,,,,-0.0115983174542,,,,,,,,,,,,,,,0.053401864963,,,,,,
Cross Test Hos,0.734306569343,NA,,,,0.50912172655,,,-0.0689940908403,,,,,,,,,,,,,,,,,,0.0139557792596,,,
Cross Test Hos,0.661313868613,NA,,,,,0.0591272134705,,-0.0023663595112,,,,,,,,,,,,,,,,,,,,0.0228090688305,
Cross Test Hos,0.667153284672,NA,,,,,,-0.181853933146,0.171528343958,,,,,,,,,,,,,,,,,,,,,-0.00941219575292
Cross Test Loan,0.782954545455,NA,0.296601313058,-0.0179581392737,0.0758897087694,0.463077938498,-0.0376964990961,-0.231644018718,0.0593067731195,0.0256419273692,-0.0117903937511,0.00289440062986,0.044188807589,-0.0317581415874,0.0365013698337,0.000664897777003,0.00791678741025,-0.0222335530889,0.0299339235177,0.0357923450951,-0.0135459142858,0.0359259708513,0.0374504678618,-0.0189616156836,-0.0150799701293,0.00846622145594,-0.0127485755496,-0.0386891736415,0.0400003905169,-0.0741919493407
Cross Test Loan,0.788636363636,NA,,-0.0139736511227,0.0683988039918,0.488725736897,-0.00304213685708,-0.257541445304,0.107048961301,,,,,,,0.0091771971718,0.0157193132823,-0.0201788562028,0.0244831409836,0.0353839324793,-0.00636382826041,0.0391998428074,0.0315045267571,-0.0069831855712,-0.0138506608865,0.00909209137573,-0.0109850246015,-0.0285503052368,0.0329876760286,-0.0606759163433
Cross Test Loan,0.781818181818,NA,0.300426422719,,0.0660378356312,0.474353720121,-0.051435583029,-0.223720932988,0.0738251953092,,-7.14927027082e-05,0.000777738138868,0.0539770930012,-0.0334040526759,0.0304506219548,,,,,,-0.0101411375055,0.0341149383072,0.0436060330273,-0.0130272726917,-0.0119072043697,0.00997892603094,-0.0143816334443,-0.0359486053369,0.0458364149744,-0.0712729665432
Cross Test Loan,0.778409090909,NA,0.29870262614,-0.00539815339019,,0.463247251969,-0.0322847703871,-0.238311329055,0.0662387193655,0.0284715728947,,0.00781467782299,0.0416772638553,-0.0337835774891,0.0413891569859,,0.00503079491928,-0.0155747672717,0.0324902541688,0.0372485329733,,,,,-0.011353665438,0.00985418282685,-0.00684081046757,-0.0455191527672,0.0469369600845,-0.0724347042902
Cross Test Loan,0.752272727273,NA,0.331672534502,-0.0192431443589,0.112398985705,,0.100529853382,-0.234596764535,0.0642119582275,0.0322988520643,-0.0139162314805,,0.0334109988336,-0.0333802857571,0.0439226378657,-0.00893357755518,,-0.0143078643365,0.0509311339138,0.0254749610201,,0.031620090362,0.0268370010552,-0.000955663943813,,,,-0.048246463163,0.0350436462167,-0.0678897477182
Cross Test Loan,0.782954545455,NA,0.29624533805,-0.0224097766246,0.0819868022549,0.44578920208,,-0.261143733829,0.0704059506197,0.0307064028294,-0.0145261923339,0.0165359477605,,-0.0115513587538,0.0380953405477,0.00201085776087,0.00610273601209,,0.0155800478146,0.0376126766472,-0.00642739453857,,0.0537324558159,-0.0172151681502,,-0.00625935924648,-0.00231864628287,,,-0.0691149989039
Cross Test Loan,0.773863636364,NA,0.268629779135,-0.0257784294585,0.0859178564889,0.465847118895,-0.135667642988,,-0.0639543704038,0.0322810830888,-0.00628244263864,0.00277287041035,0.0342006822046,,0.015772175546,0.00045745103313,0.00718589733608,-0.0143099005823,,0.0530095555026,-0.010059325918,0.055582583234,,-0.00169752599978,-0.0133964630342,,-0.0128628503238,,-0.0263328333984,
Cross Test Loan,0.792045454545,NA,0.284660745173,-0.0211322844893,0.0806301018549,0.462540548704,-0.0379936490349,-0.188729271539,,0.0269262777874,-0.00757131263481,0.00490167108845,0.04818296037,-0.0106934022547,,0.00438223759647,0.0101482230931,-0.0226589969419,0.0521703946506,,-0.00868598108517,0.0389736462172,0.0195349602853,,-0.0138719847384,-0.00583938715862,,-0.0396873353598,,
Cross Test Loan,0.740909090909,NA,0.328203407385,0.0192712266227,,,,,,0.0480645234905,,,,,,,,,,,,,,,,,,,,
Cross Test Loan,0.7375,NA,0.331956866301,,0.143990635429,,,,,,0.0036076327834,,,,,,,,,,,,,,,,,,,
Cross Test Loan,0.767045454545,NA,0.293464546801,,,0.417268970474,,,,,,0.0287563384346,,,,,,,,,,,,,,,,,,
Cross Test Loan,0.740909090909,NA,0.317737983148,,,,-0.00443537602217,,,,,,0.0454714613405,,,,,,,,,,,,,,,,,
Cross Test Loan,0.729545454545,NA,0.329239975384,,,,,-0.108093068609,,,,,,0.0236889154177,,,,,,,,,,,,,,,,
Cross Test Loan,0.740909090909,NA,0.327464915756,,,,,,-0.0239603765072,,,,,,0.0366875424009,,,,,,,,,,,,,,,
Cross Test Loan,0.740909090909,NA,0.328203407385,0.0192712266227,,,,,,0.0480645234905,,,,,,,,,,,,,,,,,,,,
Cross Test Loan,0.723863636364,NA,,0.0231716491729,0.144688174568,,,,,,,,,,,0.0204567436396,,,,,,,,,,,,,,
Cross Test Loan,0.775,NA,,-0.00484442766734,,0.467844918738,,,,,,,,,,,0.0165791475839,,,,,,,,,,,,,
Cross Test Loan,0.719318181818,NA,,0.0345858334329,,,0.0227858593045,,,,,,,,,,,0.0444263872152,,,,,,,,,,,,
Cross Test Loan,0.735227272727,NA,,0.0498854884555,,,,-0.10220488048,,,,,,,,,,,0.0632231672578,,,,,,,,,,,
Cross Test Loan,0.723863636364,NA,,0.0373614891866,,,,,0.00383688176255,,,,,,,,,,,0.0670115721728,,,,,,,,,,
Cross Test Loan,0.7375,NA,0.331956866301,,0.143990635429,,,,,,0.0036076327834,,,,,,,,,,,,,,,,,,,
Cross Test Loan,0.723863636364,NA,,0.0231716491729,0.144688174568,,,,,,,,,,,0.0204567436396,,,,,,,,,,,,,,
Cross Test Loan,0.776136363636,NA,,,0.0921621949627,0.456049213206,,,,,,,,,,,,,,,0.0139120714146,,,,,,,,,
Cross Test Loan,0.731818181818,NA,,,0.125370538557,,0.0197560292059,,,,,,,,,,,,,,,0.0655881724625,,,,,,,,
Cross Test Loan,0.736363636364,NA,,,0.132207661478,,,-0.090476354835,,,,,,,,,,,,,,,0.0623148015725,,,,,,,
Cross Test Loan,0.728409090909,NA,,,0.138011521443,,,,0.00395234409607,,,,,,,,,,,,,,,0.0524350646412,,,,,,
Cross Test Loan,0.767045454545,NA,0.293464546801,,,0.417268970474,,,,,,0.0287563384346,,,,,,,,,,,,,,,,,,
Cross Test Loan,0.775,NA,,-0.00484442766734,,0.467844918738,,,,,,,,,,,0.0165791475839,,,,,,,,,,,,,
Cross Test Loan,0.776136363636,NA,,,0.0921621949627,0.456049213206,,,,,,,,,,,,,,,0.0139120714146,,,,,,,,,
Cross Test Loan,0.778409090909,NA,,,,0.509156477133,-0.106766378257,,,,,,,,,,,,,,,,,,-0.000484299706096,,,,,
Cross Test Loan,0.771590909091,NA,,,,0.515120142864,,-0.172853412673,,,,,,,,,,,,,,,,,,0.000395505286553,,,,
Cross Test Loan,0.775,NA,,,,0.482811408098,,,-0.0517796823579,,,,,,,,,,,,,,,,,,0.00306927299838,,,
Cross Test Loan,0.740909090909,NA,0.317737983148,,,,-0.00443537602217,,,,,,0.0454714613405,,,,,,,,,,,,,,,,,
Cross Test Loan,0.719318181818,NA,,0.0345858334329,,,0.0227858593045,,,,,,,,,,,0.0444263872152,,,,,,,,,,,,
Cross Test Loan,0.731818181818,NA,,,0.125370538557,,0.0197560292059,,,,,,,,,,,,,,,0.0655881724625,,,,,,,,
Cross Test Loan,0.778409090909,NA,,,,0.509156477133,-0.106766378257,,,,,,,,,,,,,,,,,,-0.000484299706096,,,,,
Cross Test Loan,0.718181818182,NA,,,,,0.159624702462,-0.160411966447,,,,,,,,,,,,,,,,,,,,-0.0130131777546,,
Cross Test Loan,0.719318181818,NA,,,,,0.0408884875098,,0.0128003935809,,,,,,,,,,,,,,,,,,,,0.00565331949802,
Cross Test Loan,0.729545454545,NA,0.329239975384,,,,,-0.108093068609,,,,,,0.0236889154177,,,,,,,,,,,,,,,,
Cross Test Loan,0.735227272727,NA,,0.0498854884555,,,,-0.10220488048,,,,,,,,,,,0.0632231672578,,,,,,,,,,,
Cross Test Loan,0.736363636364,NA,,,0.132207661478,,,-0.090476354835,,,,,,,,,,,,,,,0.0623148015725,,,,,,,
Cross Test Loan,0.771590909091,NA,,,,0.515120142864,,-0.172853412673,,,,,,,,,,,,,,,,,,0.000395505286553,,,,
Cross Test Loan,0.718181818182,NA,,,,,0.159624702462,-0.160411966447,,,,,,,,,,,,,,,,,,,,-0.0130131777546,,
Cross Test Loan,0.725,NA,,,,,,-0.197872160714,0.18620503994,,,,,,,,,,,,,,,,,,,,,-0.0313290129801
Cross Test Loan,0.740909090909,NA,0.327464915756,,,,,,-0.0239603765072,,,,,,0.0366875424009,,,,,,,,,,,,,,,
Cross Test Loan,0.723863636364,NA,,0.0373614891866,,,,,0.00383688176255,,,,,,,,,,,0.0670115721728,,,,,,,,,,
Cross Test Loan,0.728409090909,NA,,,0.138011521443,,,,0.00395234409607,,,,,,,,,,,,,,,0.0524350646412,,,,,,
Cross Test Loan,0.775,NA,,,,0.482811408098,,,-0.0517796823579,,,,,,,,,,,,,,,,,,0.00306927299838,,,
Cross Test Loan,0.719318181818,NA,,,,,0.0408884875098,,0.0128003935809,,,,,,,,,,,,,,,,,,,,0.00565331949802,
Cross Test Loan,0.725,NA,,,,,,-0.197872160714,0.18620503994,,,,,,,,,,,,,,,,,,,,,-0.0313290129801
Cross Test Ins,0.645925925926,NA,0.336508009183,-0.0322478281715,0.121469201601,0.464144563823,-0.0158581215591,-0.255376902622,0.0403425001786,0.0325754821049,-0.00835105224166,0.0106351712806,0.042747845608,-0.0348836357365,0.031144940926,0.00035935244105,0.00932939336525,-0.00933536165542,0.0195949029059,0.0332300152633,-0.00962566340611,0.0535991381912,0.0281007667338,-0.0352275356804,-0.0395612973941,0.0338596501008,-0.0104163040156,-0.059107267751,0.026095099123,-0.0530436385589
Cross Test Ins,0.647407407407,NA,,-0.0258290992587,0.119297921945,0.503620517488,0.0115795979031,-0.27705930065,0.0930535710099,,,,,,,0.00816336995187,0.0225450140422,-0.00879179010727,0.0187986484068,0.0356342443077,-0.00345604828385,0.0536089311561,0.019988903795,-0.0158845929541,-0.0336136035051,0.027041622967,-0.0101991686187,-0.0441087870128,0.019212580402,-0.0385954896467
Cross Test Ins,0.648888888889,NA,0.346568605206,,0.110105053429,0.473850819245,-0.0256985869819,-0.247282262432,0.0510625401796,,0.00618875747714,0.00985993138813,0.0510190929816,-0.0352237604266,0.0266026474592,,,,,,-0.0056534165382,0.0524835084502,0.0336192389113,-0.0277831321975,-0.0354159029427,0.0343135820344,-0.010498263397,-0.057410538485,0.0310604080254,-0.0494233877801
Cross Test Ins,0.645925925926,NA,0.338753324044,-0.00643175484257,,0.475632982913,-0.0113759066449,-0.257519108334,0.0424783236748,0.0331357744839,,0.015064538977,0.0395194111092,-0.0432943836455,0.045518894649,,0.00834108156002,-0.000433814818953,0.0234981369327,0.0326011333941,,,,,-0.0379109046599,0.0324504952039,0.00127491781738,-0.066904750819,0.0367803126095,-0.0547167951176
Cross Test Ins,0.598518518519,NA,0.37791693117,-0.0207212562464,0.182991059126,,0.104074118661,-0.258901548468,0.0572548101253,0.0406529050838,-0.00922161758746,,0.0437046455775,-0.047001492486,0.0363775297354,-0.00716621695418,,-0.00532990780176,0.0430629568402,0.0203410118395,,0.0462697043685,0.0167695744237,-0.0121596873138,,,,-0.0616263219081,0.0144875082422,-0.0381167679167
Cross Test Ins,0.651851851852,NA,0.334483161617,-0.0337117714106,0.134556385939,0.447566001654,,-0.283613335745,0.0599009429848,0.0354286987513,-0.0139641334035,0.0262290500668,,-0.0158883781545,0.035326719795,0.0019708786994,0.0100950719336,,0.0059917546743,0.0368833181478,3.33912690943e-05,,0.0559812579348,-0.0346076589797,,0.000318622370851,-0.00516291842152,,,-0.062706629581
Cross Test Ins,0.64,NA,0.310456206968,-0.041558103714,0.131601213105,0.472546989414,-0.131326680021,,-0.0806327918518,0.0363391984706,-0.00293955169907,0.0132625949384,0.0283422825437,,0.00984025765477,-0.000638061058514,0.00869359742135,-0.00610826649175,,0.0422737414256,-0.00968625711602,0.0699460986007,,-0.0217167130959,-0.0266140414568,,-0.000703946941032,,-0.0417375700482,
Cross Test Ins,0.645925925926,NA,0.328769106685,-0.0384366212601,0.131305075658,0.460528770429,-0.0157764344423,-0.220412456632,,0.0325409775637,-0.00402596314069,0.0105537803777,0.0466795203452,-0.0181445913833,,0.00403759774074,0.0120925599461,-0.00780715752935,0.0402199408151,,-0.00923234547094,0.0576705397446,-0.00286711679524,,-0.0430552179506,0.0257422373135,,-0.0642064290817,,
Cross Test Ins,0.591111111111,NA,0.372102666582,0.0260534098588,,,,,,0.0543993487674,,,,,,,,,,,,,,,,,,,,
Cross Test Ins,0.580740740741,NA,0.377190133515,,0.205801849261,,,,,,0.0122329107369,,,,,,,,,,,,,,,,,,,
Cross Test Ins,0.672592592593,NA,0.325119961401,,,0.429336483265,,,,,,0.0390803203672,,,,,,,,,,,,,,,,,,
Cross Test Ins,0.591111111111,NA,0.364086409822,,,,-0.00664150425644,,,,,,0.0414224007268,,,,,,,,,,,,,,,,,
Cross Test Ins,0.580740740741,NA,0.38723054852,,,,,-0.126344042429,,,,,,0.0173558010408,,,,,,,,,,,,,,,,
Cross Test Ins,0.58962962963,NA,0.376807712669,,,,,,-0.0350935762362,,,,,,0.0342773554751,,,,,,,,,,,,,,,
Cross Test Ins,0.591111111111,NA,0.372102666582,0.0260534098588,,,,,,0.0543993487674,,,,,,,,,,,,,,,,,,,,
Cross Test Ins,0.522962962963,NA,,0.0198960951924,0.216519457164,,,,,,,,,,,0.0201383751058,,,,,,,,,,,,,,
Cross Test Ins,0.675555555556,NA,,-0.0121397080568,,0.497209603027,,,,,,,,,,,0.0238074029337,,,,,,,,,,,,,
Cross Test Ins,0.545185185185,NA,,0.0494898953415,,,0.0179831982651,,,,,,,,,,,0.0538813793143,,,,,,,,,,,,
Cross Test Ins,0.574814814815,NA,,0.0760524547066,,,,-0.125891246003,,,,,,,,,,,0.0718021151603,,,,,,,,,,,
Cross Test Ins,0.571851851852,NA,,0.0577508756061,,,,,-0.00652232503302,,,,,,,,,,,0.0735090695514,,,,,,,,,,
Cross Test Ins,0.580740740741,NA,0.377190133515,,0.205801849261,,,,,,0.0122329107369,,,,,,,,,,,,,,,,,,,
Cross Test Ins,0.522962962963,NA,,0.0198960951924,0.216519457164,,,,,,,,,,,0.0201383751058,,,,,,,,,,,,,,
Cross Test Ins,0.662222222222,NA,,,0.137937525458,0.468417393887,,,,,,,,,,,,,,,0.0152840319246,,,,,,,,,
Cross Test Ins,0.545185185185,NA,,,0.194823015071,,0.0102900734059,,,,,,,,,,,,,,,0.0655261527494,,,,,,,,
Cross Test Ins,0.533333333333,NA,,,0.213087881794,,,-0.113914546872,,,,,,,,,,,,,,,0.0579019987746,,,,,,,
Cross Test Ins,0.545185185185,NA,,,0.214944729217,,,,-0.0109705882979,,,,,,,,,,,,,,,0.0479289446972,,,,,,
Cross Test Ins,0.672592592593,NA,0.325119961401,,,0.429336483265,,,,,,0.0390803203672,,,,,,,,,,,,,,,,,,
Cross Test Ins,0.675555555556,NA,,-0.0121397080568,,0.497209603027,,,,,,,,,,,0.0238074029337,,,,,,,,,,,,,
Cross Test Ins,0.662222222222,NA,,,0.137937525458,0.468417393887,,,,,,,,,,,,,,,0.0152840319246,,,,,,,,,
Cross Test Ins,0.662222222222,NA,,,,0.5438118895,-0.114314693112,,,,,,,,,,,,,,,,,,-0.00412072879747,,,,,
Cross Test Ins,0.656296296296,NA,,,,0.543400339747,,-0.189665706381,,,,,,,,,,,,,,,,,,0.00959888417468,,,,
Cross Test Ins,0.668148148148,NA,,,,0.514112781801,,,-0.064089312008,,,,,,,,,,,,,,,,,,0.00906739888493,,,
Cross Test Ins,0.591111111111,NA,0.364086409822,,,,-0.00664150425644,,,,,,0.0414224007268,,,,,,,,,,,,,,,,,
Cross Test Ins,0.545185185185,NA,,0.0494898953415,,,0.0179831982651,,,,,,,,,,,0.0538813793143,,,,,,,,,,,,
Cross Test Ins,0.545185185185,NA,,,0.194823015071,,0.0102900734059,,,,,,,,,,,,,,,0.0655261527494,,,,,,,,
Cross Test Ins,0.662222222222,NA,,,,0.5438118895,-0.114314693112,,,,,,,,,,,,,,,,,,-0.00412072879747,,,,,
Cross Test Ins,0.554074074074,NA,,,,,0.187150911222,-0.184675840013,,,,,,,,,,,,,,,,,,,,-0.01788463481,,
Cross Test Ins,0.543703703704,NA,,,,,0.0473118298568,,0.0122397144279,,,,,,,,,,,,,,,,,,,,0.00255322325357,
Cross Test Ins,0.580740740741,NA,0.38723054852,,,,,-0.126344042429,,,,,,0.0173558010408,,,,,,,,,,,,,,,,
Cross Test Ins,0.574814814815,NA,,0.0760524547066,,,,-0.125891246003,,,,,,,,,,,0.0718021151603,,,,,,,,,,,
Cross Test Ins,0.533333333333,NA,,,0.213087881794,,,-0.113914546872,,,,,,,,,,,,,,,0.0579019987746,,,,,,,
Cross Test Ins,0.656296296296,NA,,,,0.543400339747,,-0.189665706381,,,,,,,,,,,,,,,,,,0.00959888417468,,,,
Cross Test Ins,0.554074074074,NA,,,,,0.187150911222,-0.184675840013,,,,,,,,,,,,,,,,,,,,-0.01788463481,,
Cross Test Ins,0.54962962963,NA,,,,,,-0.223394989558,0.202055921914,,,,,,,,,,,,,,,,,,,,,-0.0110219579806
Cross Test Ins,0.58962962963,NA,0.376807712669,,,,,,-0.0350935762362,,,,,,0.0342773554751,,,,,,,,,,,,,,,
Cross Test Ins,0.571851851852,NA,,0.0577508756061,,,,,-0.00652232503302,,,,,,,,,,,0.0735090695514,,,,,,,,,,
Cross Test Ins,0.545185185185,NA,,,0.214944729217,,,,-0.0109705882979,,,,,,,,,,,,,,,0.0479289446972,,,,,,
Cross Test Ins,0.668148148148,NA,,,,0.514112781801,,,-0.064089312008,,,,,,,,,,,,,,,,,,0.00906739888493,,,
Cross Test Ins,0.543703703704,NA,,,,,0.0473118298568,,0.0122397144279,,,,,,,,,,,,,,,,,,,,0.00255322325357,
Cross Test Ins,0.54962962963,NA,,,,,,-0.223394989558,0.202055921914,,,,,,,,,,,,,,,,,,,,,-0.0110219579806
Cross Train Rec,0.728096676737,NA,0.444572490595,-0.0426580162666,0.132670855412,0.535649982807,-0.0759155543814,-0.266673334632,0.131808432233,-0.058343168841,-0.0683512312328,0.0107118540002,0.0208156741733,0.0533848446373,-0.0162370434012,0.0158688335158,0.00133735818704,-0.0553960475877,-0.0061479573625,0.0852791337131,-0.0364665708796,0.0997025099791,0.0187792371331,-0.0385263320664,-0.0601318295437,0.103939111114,-0.0601295012878,-0.0556825756967,-0.0216599571168,0.0241642607468
Cross Train Rec,0.716515609265,NA,,-0.170182291099,0.083005312142,0.567014107607,-0.0596098907723,-0.219427924271,0.159915929026,,,,,,,0.0157066453917,0.0361536283849,-0.0465307668494,-0.00942687911471,0.0782901704861,-0.0318633793071,0.1060510838,-0.00348253995488,-0.0391572637479,-0.085621725165,0.111193579615,-0.0550746915306,-0.0388614058427,-0.0180681990643,0.0270336838703
Cross Train Rec,0.729355488419,NA,0.455398211388,,0.125011608223,0.521527364608,-0.0825420539933,-0.267832596946,0.139845507846,,-0.0690231093921,0.00308150470549,0.0273346049376,0.0486016970811,-0.0421444800121,,,,,,-0.0435422895057,0.0918187030475,0.0290130795462,-0.0395442783365,-0.0579637971038,0.0746428018675,-0.0459270025869,-0.0536330182419,-0.0125964959173,0.0337528376794
Cross Train Rec,0.729355488419,NA,0.409898823296,0.010227611156,,0.528670503607,-0.0361604408393,-0.255932159633,0.147905968425,-0.0784449586607,,0.0142482613685,0.0213155339701,0.0358619773048,-0.0173391844434,,0.00311037477385,-0.0293601765741,-0.0225249727922,0.0814790019264,,,,,-0.0613924007948,0.120988972787,-0.0633037177213,-0.0520756892153,-0.00889131654506,0.0323173931245
Cross Train Rec,0.682779456193,NA,0.46739071541,-0.0473998462618,0.258241582714,,0.0560768672458,-0.268820957522,0.0760393184136,-0.0284072920409,-0.0678407455585,,0.0189363002459,0.0521521131643,-0.00856271366192,0.0115250093906,,-0.0630533417671,0.0507978563041,0.0512285987964,,0.0562449356312,0.0418216995339,-0.0138340691014,,,,-0.022855492418,-0.0654273614595,0.0221299457549
Cross Train Rec,0.72860020141,NA,0.442318579376,-0.0513018471036,0.175963652511,0.481149082145,,-0.318880397379,0.127709154107,-0.053147658702,-0.0792630217307,0.0299721548424,,0.0537849704404,-0.0106543373505,0.0198825727976,-0.0036807386336,,-0.0563825251537,0.0894621144244,-0.0158033360814,,0.0743245217465,-0.0334678523287,,0.0599704948894,-0.0678718086741,,,-0.0159551715447
Cross Train Rec,0.724068479355,NA,0.436749408135,-0.0315854043033,0.131188381831,0.531554614077,-0.155076523016,,-0.0511973783777,-0.0554171817266,-0.0661653180989,0.0113026293591,0.0309288891655,,0.027973169801,0.0210226930684,-0.00369137710651,-0.0567269056622,,0.0800775273393,-0.0397843401075,0.106640836251,,-0.0283217981222,-0.0292494533393,,0.00556847523946,,-0.0510061270848,
Cross Train Rec,0.734894259819,NA,0.444639214392,-0.0454137915072,0.138070370964,0.527927115337,-0.0622448057344,-0.177718643466,,-0.0587586469884,-0.0634090252263,0.00422051539465,0.0261174509909,0.0397580094928,,0.0244336733116,-0.002499015767,-0.0519388644919,0.055394409881,,-0.0372091465658,0.096111925341,-0.00314462673177,,-0.0634628428211,0.0551259507028,,-0.0609272300803,,
Cross Train Rec,0.681772406848,NA,0.457666071086,0.0251280408134,,,,,,-0.030844656551,,,,,,,,,,,,,,,,,,,,
Cross Train Rec,0.680765357503,NA,0.463032558046,,0.232093800603,,,,,,-0.0538943157051,,,,,,,,,,,,,,,,,,,
Cross Train Rec,0.722809667674,NA,0.411490236106,,,0.460559567362,,,,,,0.0158013725267,,,,,,,,,,,,,,,,,,
Cross Train Rec,0.68580060423,NA,0.44364751895,,,,-0.0114556736895,,,,,,0.016082121368,,,,,,,,,,,,,,,,,
Cross Train Rec,0.677744209466,NA,0.457175453788,,,,,-0.126683388915,,,,,,0.0184265820082,,,,,,,,,,,,,,,,
Cross Train Rec,0.68026183283,NA,0.454882306515,,,,,,-0.0434736559091,,,,,,0.00995880448169,,,,,,,,,,,,,,,
Cross Train Rec,0.681772406848,NA,0.457666071086,0.0251280408134,,,,,,-0.030844656551,,,,,,,,,,,,,,,,,,,,
Cross Train Rec,0.631671701913,NA,,-0.157062252036,0.239004239439,,,,,,,,,,,0.0431490324967,,,,,,,,,,,,,,
Cross Train Rec,0.707703927492,NA,,-0.146734131523,,0.531614911495,,,,,,,,,,,0.0174824028973,,,,,,,,,,,,,
Cross Train Rec,0.633685800604,NA,,-0.118252958972,,,0.0382458382263,,,,,,,,,,,0.0418953009117,,,,,,,,,,,,
Cross Train Rec,0.64501510574,NA,,-0.0951114146973,,,,-0.0611152759775,,,,,,,,,,,0.0663347861847,,,,,,,,,,,
Cross Train Rec,0.635448136959,NA,,-0.101125955749,,,,,0.0285178556329,,,,,,,,,,,0.0748361665681,,,,,,,,,,
Cross Train Rec,0.680765357503,NA,0.463032558046,,0.232093800603,,,,,,-0.0538943157051,,,,,,,,,,,,,,,,,,,
Cross Train Rec,0.631671701913,NA,,-0.157062252036,0.239004239439,,,,,,,,,,,0.0431490324967,,,,,,,,,,,,,,
Cross Train Rec,0.720795568983,NA,,,0.0907958223882,0.484707454868,,,,,,,,,,,,,,,-0.0112897140418,,,,,,,,,
Cross Train Rec,0.662386706949,NA,,,0.153912191018,,-0.0438461080598,,,,,,,,,,,,,,,0.0642543037842,,,,,,,,
Cross Train Rec,0.665407854985,NA,,,0.186912235787,,,-0.131502152218,,,,,,,,,,,,,,,0.0668118558943,,,,,,,
Cross Train Rec,0.653575025176,NA,,,0.191636437774,,,,-0.0529085510014,,,,,,,,,,,,,,,0.0502985865737,,,,,,
Cross Train Rec,0.722809667674,NA,0.411490236106,,,0.460559567362,,,,,,0.0158013725267,,,,,,,,,,,,,,,,,,
Cross Train Rec,0.707703927492,NA,,-0.146734131523,,0.531614911495,,,,,,,,,,,0.0174824028973,,,,,,,,,,,,,
Cross Train Rec,0.720795568983,NA,,,0.0907958223882,0.484707454868,,,,,,,,,,,,,,,-0.0112897140418,,,,,,,,,
Cross Train Rec,0.722809667674,NA,,,,0.55021644315,-0.119492156889,,,,,,,,,,,,,,,,,,-0.0239345777655,,,,,
Cross Train Rec,0.721299093656,NA,,,,0.523926884093,,-0.149324619802,,,,,,,,,,,,,,,,,,0.0141762438734,,,,
Cross Train Rec,0.722306143001,NA,,,,0.511746101472,,,-0.0406497830235,,,,,,,,,,,,,,,,,,0.000412553316283,,,
Cross Train Rec,0.68580060423,NA,0.44364751895,,,,-0.0114556736895,,,,,,0.016082121368,,,,,,,,,,,,,,,,,
Cross Train Rec,0.633685800604,NA,,-0.118252958972,,,0.0382458382263,,,,,,,,,,,0.0418953009117,,,,,,,,,,,,
Cross Train Rec,0.662386706949,NA,,,0.153912191018,,-0.0438461080598,,,,,,,,,,,,,,,0.0642543037842,,,,,,,,
Cross Train Rec,0.722809667674,NA,,,,0.55021644315,-0.119492156889,,,,,,,,,,,,,,,,,,-0.0239345777655,,,,,
Cross Train Rec,0.659869083585,NA,,,,,0.0903454666053,-0.13547710493,,,,,,,,,,,,,,,,,,,,-0.00266636682693,,
Cross Train Rec,0.65332326284,NA,,,,,-0.00646893426101,,0.0159704268429,,,,,,,,,,,,,,,,,,,,-0.00452717699566,
Cross Train Rec,0.677744209466,NA,0.457175453788,,,,,-0.126683388915,,,,,,0.0184265820082,,,,,,,,,,,,,,,,
Cross Train Rec,0.64501510574,NA,,-0.0951114146973,,,,-0.0611152759775,,,,,,,,,,,0.0663347861847,,,,,,,,,,,
Cross Train Rec,0.665407854985,NA,,,0.186912235787,,,-0.131502152218,,,,,,,,,,,,,,,0.0668118558943,,,,,,,
Cross Train Rec,0.721299093656,NA,,,,0.523926884093,,-0.149324619802,,,,,,,,,,,,,,,,,,0.0141762438734,,,,
Cross Train Rec,0.659869083585,NA,,,,,0.0903454666053,-0.13547710493,,,,,,,,,,,,,,,,,,,,-0.00266636682693,,
Cross Train Rec,0.655840886203,NA,,,,,,-0.191283447748,0.154080528902,,,,,,,,,,,,,,,,,,,,,0.0210801778875
Cross Train Rec,0.68026183283,NA,0.454882306515,,,,,,-0.0434736559091,,,,,,0.00995880448169,,,,,,,,,,,,,,,
Cross Train Rec,0.635448136959,NA,,-0.101125955749,,,,,0.0285178556329,,,,,,,,,,,0.0748361665681,,,,,,,,,,
Cross Train Rec,0.653575025176,NA,,,0.191636437774,,,,-0.0529085510014,,,,,,,,,,,,,,,0.0502985865737,,,,,,
Cross Train Rec,0.722306143001,NA,,,,0.511746101472,,,-0.0406497830235,,,,,,,,,,,,,,,,,,0.000412553316283,,,
Cross Train Rec,0.65332326284,NA,,,,,-0.00646893426101,,0.0159704268429,,,,,,,,,,,,,,,,,,,,-0.00452717699566,
Cross Train Rec,0.655840886203,NA,,,,,,-0.191283447748,0.154080528902,,,,,,,,,,,,,,,,,,,,,0.0210801778875
Cross Train Unem,0.715821044739,NA,0.260120032651,-0.202781265487,0.130461722035,0.354897420519,-0.0349161263711,-0.338195110107,0.0866755706655,0.117142961041,0.0170330194691,-0.0161709373689,0.0887274462572,-0.102937962128,0.121529416779,0.00799235891061,-0.0624281591936,0.0728761309949,0.0235987628995,0.0342315399249,-0.0348832004854,0.0770774166878,0.0194677522208,-0.021856792644,-0.0180555544628,0.0265731973012,-0.0344296976713,0.00365909115789,0.0142919121294,-0.114143682574
Cross Train Unem,0.707323169208,NA,,-0.0836951503071,0.162086875053,0.348761386631,0.060331675964,-0.402631607562,0.206479314049,,,,,,,0.00442625588046,-0.0412018339607,0.0547022091876,0.0559576552132,-0.00380459315535,-0.0434397351835,0.0646571860939,0.0309431118076,-0.011813641971,-0.0137518065422,0.0207525856982,-0.0285136405412,-0.00778242315546,0.0292723627338,-0.0892413325695
Cross Train Unem,0.732066983254,NA,0.303062983109,,0.120124118276,0.405600276195,-0.0707657443431,-0.337787346042,0.0973612320421,,0.0313390546883,-0.0440419875455,0.101341083213,-0.0832581823117,0.107746684586,,,,,,-0.0378645941911,0.0752555172159,0.0341833933594,-0.0269474387104,-0.0296344500622,-0.00520454635776,-0.0457116010385,0.0334562202093,0.0148122823464,-0.096077526071
Cross Train Unem,0.71007248188,NA,0.249889340112,-0.176175868668,,0.34055016499,-0.00533952389104,-0.372766602731,0.0991930013778,0.119104863205,,-0.0104279385179,0.0763601152304,-0.0963960784727,0.128208004022,,-0.0729884233816,0.0784310713539,0.0365594178844,0.03063886606,,,,,-0.0204593209632,0.0163676703482,-0.00105045671834,-0.008819348306,0.0234925305696,-0.122673725892
Cross Train Unem,0.681079730067,NA,0.278322099968,-0.255158332113,0.179209074387,,0.110898728965,-0.319284590085,0.0655133599203,0.10103291345,-2.13412122551e-05,,0.0673055717128,-0.0855371426613,0.123817541356,-0.00823410787783,,0.0450625029152,0.0303772899795,0.0360949072069,,0.0427833586513,0.00790489006071,-0.0108601617946,,,,0.00843452339274,-0.00794553935712,-0.103944222237
Cross Train Unem,0.72431892027,NA,0.274203393489,-0.191010702237,0.155789309841,0.305873409941,,-0.329435477115,0.0898291212374,0.12024317962,-0.00275383814678,0.0237876176396,,-0.0741455044987,0.122054178154,0.0111433866097,-0.0318050839173,,0.0579816167762,0.0253981757898,0.000466334539731,,0.0468415135946,-0.0211972540853,,0.0115611998831,-0.0206765403961,,,-0.112375025641
Cross Train Unem,0.718070482379,NA,0.207670804559,-0.219620133329,0.15485512213,0.364219481229,-0.120219825448,,-0.135727219087,0.11104655798,0.0373879099441,-0.0457729134032,0.0787287971958,,0.048616637994,0.00644843461957,-0.0391438591888,0.0764558542597,,0.0222760989386,-0.0442702604706,0.0829369643838,,-0.00276592388759,-0.0380611200292,,-0.0236217873883,,-0.00679225891659,
Cross Train Unem,0.720819795051,NA,0.199938937019,-0.200641544912,0.128589987761,0.369333053545,-0.021236982565,-0.272996562051,,0.111748005665,0.0389110306851,-0.0314233280873,0.0979846623419,-0.00759413912983,,0.018441454717,-0.0550247988245,0.0693141785402,0.0392271629856,,-0.0443338703784,0.0906087687188,-0.0117086128264,,-0.0412110683493,-0.00177241842126,,-0.022269089459,,
Cross Train Unem,0.674331417146,NA,0.23863969674,-0.17033656392,,,,,,0.113480548492,,,,,,,,,,,,,,,,,,,,
Cross Train Unem,0.687328167958,NA,0.2694421551,,0.227009464485,,,,,,0.0133390617108,,,,,,,,,,,,,,,,,,,
Cross Train Unem,0.740064983754,NA,0.236877486302,,,0.266661305109,,,,,,0.000350087608244,,,,,,,,,,,,,,,,,,
Cross Train Unem,0.679830042489,NA,0.227148665707,,,,-0.0647500514575,,,,,,0.0661382005474,,,,,,,,,,,,,,,,,
Cross Train Unem,0.679830042489,NA,0.247880622912,,,,,-0.215474207782,,,,,,0.0396547370087,,,,,,,,,,,,,,,,
Cross Train Unem,0.67808047988,NA,0.252860726945,,,,,,-0.110492366732,,,,,,0.0664938832027,,,,,,,,,,,,,,,
Cross Train Unem,0.674331417146,NA,0.23863969674,-0.17033656392,,,,,,0.113480548492,,,,,,,,,,,,,,,,,,,,
Cross Train Unem,0.628592851787,NA,,-0.0773202967803,0.237832240655,,,,,,,,,,,0.00913282984264,,,,,,,,,,,,,,
Cross Train Unem,0.733316670832,NA,,-0.0499424888178,,0.288727593047,,,,,,,,,,,-0.00144394164271,,,,,,,,,,,,,
Cross Train Unem,0.63184203949,NA,,-0.0998986100877,,,0.0444145759268,,,,,,,,,,,0.0715720791388,,,,,,,,,,,,
Cross Train Unem,0.668082979255,NA,,-0.0532166354154,,,,-0.153400452928,,,,,,,,,,,0.0710269919506,,,,,,,,,,,
Cross Train Unem,0.646838290427,NA,,-0.0688986048788,,,,,-0.003424080876,,,,,,,,,,,0.0563538966656,,,,,,,,,,
Cross Train Unem,0.687328167958,NA,0.2694421551,,0.227009464485,,,,,,0.0133390617108,,,,,,,,,,,,,,,,,,,
Cross Train Unem,0.628592851787,NA,,-0.0773202967803,0.237832240655,,,,,,,,,,,0.00913282984264,,,,,,,,,,,,,,
Cross Train Unem,0.705823544114,NA,,,0.210694408213,0.268251285003,,,,,,,,,,,,,,,0.00371024657036,,,,,,,,,
Cross Train Unem,0.634341414646,NA,,,0.203780697877,,0.0143451473487,,,,,,,,,,,,,,,0.0379975237403,,,,,,,,
Cross Train Unem,0.668832791802,NA,,,0.199905824483,,,-0.146563446712,,,,,,,,,,,,,,,0.03207282544,,,,,,,
Cross Train Unem,0.643339165209,NA,,,0.222636484754,,,,-0.0335437857438,,,,,,,,,,,,,,,0.0216058137053,,,,,,
Cross Train Unem,0.740064983754,NA,0.236877486302,,,0.266661305109,,,,,,0.000350087608244,,,,,,,,,,,,,,,,,,
Cross Train Unem,0.733316670832,NA,,-0.0499424888178,,0.288727593047,,,,,,,,,,,-0.00144394164271,,,,,,,,,,,,,
Cross Train Unem,0.705823544114,NA,,,0.210694408213,0.268251285003,,,,,,,,,,,,,,,0.00371024657036,,,,,,,,,
Cross Train Unem,0.73631592102,NA,,,,0.3409592674,-0.0719885675835,,,,,,,,,,,,,,,,,,-0.0364664676312,,,,,
Cross Train Unem,0.73056735816,NA,,,,0.368871010487,,-0.210468026174,,,,,,,,,,,,,,,,,,-0.0305775755361,,,,
Cross Train Unem,0.73456635841,NA,,,,0.305902808306,,,-0.0454117699821,,,,,,,,,,,,,,,,,,-0.019380936952,,,
Cross Train Unem,0.679830042489,NA,0.227148665707,,,,-0.0647500514575,,,,,,0.0661382005474,,,,,,,,,,,,,,,,,
Cross Train Unem,0.63184203949,NA,,-0.0998986100877,,,0.0444145759268,,,,,,,,,,,0.0715720791388,,,,,,,,,,,,
Cross Train Unem,0.634341414646,NA,,,0.203780697877,,0.0143451473487,,,,,,,,,,,,,,,0.0379975237403,,,,,,,,
Cross Train Unem,0.73631592102,NA,,,,0.3409592674,-0.0719885675835,,,,,,,,,,,,,,,,,,-0.0364664676312,,,,,
Cross Train Unem,0.653086728318,NA,,,,,0.158521774105,-0.23805715652,,,,,,,,,,,,,,,,,,,,-0.00287233606356,,
Cross Train Unem,0.651337165709,NA,,,,,0.0262653432953,,-0.0278812209074,,,,,,,,,,,,,,,,,,,,0.00765247415281,
Cross Train Unem,0.679830042489,NA,0.247880622912,,,,,-0.215474207782,,,,,,0.0396547370087,,,,,,,,,,,,,,,,
Cross Train Unem,0.668082979255,NA,,-0.0532166354154,,,,-0.153400452928,,,,,,,,,,,0.0710269919506,,,,,,,,,,,
Cross Train Unem,0.668832791802,NA,,,0.199905824483,,,-0.146563446712,,,,,,,,,,,,,,,0.03207282544,,,,,,,
Cross Train Unem,0.73056735816,NA,,,,0.368871010487,,-0.210468026174,,,,,,,,,,,,,,,,,,-0.0305775755361,,,,
Cross Train Unem,0.653086728318,NA,,,,,0.158521774105,-0.23805715652,,,,,,,,,,,,,,,,,,,,-0.00287233606356,,
Cross Train Unem,0.635091227193,NA,,,,,,-0.316894003297,0.232718235243,,,,,,,,,,,,,,,,,,,,,-0.0528711245368
Cross Train Unem,0.67808047988,NA,0.252860726945,,,,,,-0.110492366732,,,,,,0.0664938832027,,,,,,,,,,,,,,,
Cross Train Unem,0.646838290427,NA,,-0.0688986048788,,,,,-0.003424080876,,,,,,,,,,,0.0563538966656,,,,,,,,,,
Cross Train Unem,0.643339165209,NA,,,0.222636484754,,,,-0.0335437857438,,,,,,,,,,,,,,,0.0216058137053,,,,,,
Cross Train Unem,0.73456635841,NA,,,,0.305902808306,,,-0.0454117699821,,,,,,,,,,,,,,,,,,-0.019380936952,,,
Cross Train Unem,0.651337165709,NA,,,,,0.0262653432953,,-0.0278812209074,,,,,,,,,,,,,,,,,,,,0.00765247415281,
Cross Train Unem,0.635091227193,NA,,,,,,-0.316894003297,0.232718235243,,,,,,,,,,,,,,,,,,,,,-0.0528711245368
Cross Train CPS,0.685793034327,NA,0.21731256726,0.0701056604416,0.150368737119,0.416783491655,-0.059365663847,-0.2116841064,-0.188337312068,0.00534399968378,0.0442877616382,0.0699233975817,-0.0297452039279,0.0601759969895,0.111157046593,0.065063126684,-0.0102249357014,-0.0930226502274,0.0359345708681,0.0627054158225,-0.0397618415162,-0.0352154264394,-0.00457054461315,0.0101266323762,0.0586379728501,0.0743520742399,-0.0452760506218,-0.0507633454544,0.0821715174524,-0.0591924883337
Cross Train CPS,0.687296416938,NA,,0.117279719359,0.199811700636,0.526349878101,-0.0616813542016,-0.139953838319,-0.0199845541217,,,,,,,0.0928100019252,-0.0106708544312,-0.073824302283,0.0199508545543,0.0581218543344,0.00833701696723,-0.0275288938165,0.000718767166821,0.0495823269275,0.0464372496911,0.0504700728079,-0.0658568410352,-0.0384858353541,0.0899131848411,-0.0876014559032
Cross Train CPS,0.688799799549,NA,0.22350080557,,0.18430719652,0.413885833603,-0.0871076047513,-0.205451235404,-0.138103227527,,0.0425011927177,0.0809587772177,-0.0273570296038,0.0506480848954,0.113861977208,,,,,,-0.0288226212687,-0.049996257382,0.0280935678183,0.0129347228242,0.0404899017114,0.0726815135,-0.0259755224778,-0.0605612414402,0.0767575962235,-0.0415610823142
Cross Train CPS,0.688799799549,NA,0.189226811489,0.0481147725108,,0.466634479477,-0.0113178348986,-0.181947693719,-0.168304224344,0.0284092202654,,0.0938256128057,-0.0278672749226,0.0464945698317,0.130752943407,,-0.010147241144,-0.0884272906774,0.0175112582831,0.0899787337219,,,,,0.0327729202627,0.079635772043,-0.0261107157349,-0.0662051700863,0.0735416430108,-0.0629583176947
Cross Train CPS,0.661488348785,NA,0.289518218582,0.120850846254,0.146929547079,,0.08082144101,-0.250482631121,-0.091355305662,0.0113619904363,0.0848044235868,,-0.0341194777983,0.0281590853302,0.0903397838224,0.0710215847898,,-0.0632272807088,0.0695738183356,0.0143899227079,,-0.0475430843327,0.0196205517509,0.0372471080617,,,,-0.0971073870374,0.105891089064,-0.0722238763018
Cross Train CPS,0.688549235781,NA,0.180157797874,0.0382762038404,0.144773267681,0.4439095901,,-0.272354690181,-0.163513828716,0.0060507787807,0.0349530187057,0.0594289365603,,0.0449140608223,0.116722841248,0.0555331489437,-0.016823781221,,-0.0344777441128,0.0722771494056,-0.0381415796336,,-0.0197492277312,0.0107800678922,,0.110132717443,-0.0345734946497,,,-0.0296641603281
Cross Train CPS,0.683537960411,NA,0.187931769068,0.0513821123614,0.164549922297,0.420619280692,-0.164974157774,,-0.300277633356,0.011795461922,0.0406583376011,0.0789731413203,-0.00781387546395,,0.148054115176,0.0616882415545,-0.00808178813663,-0.0767934680172,,0.0817725998075,-0.0415688736994,-0.035560200178,,0.00531573632626,0.108995376382,,-0.0197731763241,,0.000969612167325,
Cross Train CPS,0.687546980707,NA,0.233781414102,0.0726682219876,0.17458574602,0.395037423169,-0.0310929442653,-0.359020986027,,-0.00640277301857,0.0443978593512,0.0926028258283,-0.0462071827846,0.146718092998,,0.0686582120409,-0.000981836903467,-0.0790261580688,0.0704505995287,,-0.0323538204994,-0.0207845928956,-0.0106493657713,,0.0593932610375,0.0401116180689,,-0.0319052241349,,
Cross Train CPS,0.660235529942,NA,0.319663751451,0.0819647589114,,,,,,0.0748447301391,,,,,,,,,,,,,,,,,,,,
Cross Train CPS,0.66549736908,NA,0.373842419031,,0.265446781609,,,,,,0.0750032447239,,,,,,,,,,,,,,,,,,,
Cross Train CPS,0.714858431471,NA,0.241986199828,,,0.434220803644,,,,,,0.157446538128,,,,,,,,,,,,,,,,,,
Cross Train CPS,0.654973690804,NA,0.278760611537,,,,-0.127506243439,,,,,,0.096150511461,,,,,,,,,,,,,,,,,
Cross Train CPS,0.659984966174,NA,0.259748280583,,,,,-0.257545037047,,,,,,0.122891513156,,,,,,,,,,,,,,,,
Cross Train CPS,0.647957905287,NA,0.225992273216,,,,,,-0.183471544798,,,,,,0.162840530591,,,,,,,,,,,,,,,
Cross Train CPS,0.660235529942,NA,0.319663751451,0.0819647589114,,,,,,0.0748447301391,,,,,,,,,,,,,,,,,,,,
Cross Train CPS,0.626910548735,NA,,0.158456003063,0.287386397021,,,,,,,,,,,0.10598176615,,,,,,,,,,,,,,
Cross Train CPS,0.704585316963,NA,,0.0594146023023,,0.586133813966,,,,,,,,,,,0.031446990566,,,,,,,,,,,,,
Cross Train CPS,0.623402655976,NA,,0.194166343665,,,-0.0483667883842,,,,,,,,,,,0.0222892712764,,,,,,,,,,,,
Cross Train CPS,0.633174642947,NA,,0.220181943343,,,,-0.160048887012,,,,,,,,,,,0.0316811763434,,,,,,,,,,,
Cross Train CPS,0.630167877725,NA,,0.162299278155,,,,,-0.0388472873559,,,,,,,,,,,0.0717253739859,,,,,,,,,,
Cross Train CPS,0.66549736908,NA,0.373842419031,,0.265446781609,,,,,,0.0750032447239,,,,,,,,,,,,,,,,,,,
Cross Train CPS,0.626910548735,NA,,0.158456003063,0.287386397021,,,,,,,,,,,0.10598176615,,,,,,,,,,,,,,
Cross Train CPS,0.703081934352,NA,,,0.227669058904,0.567150794397,,,,,,,,,,,,,,,0.0365279818397,,,,,,,,,
Cross Train CPS,0.64244550238,NA,,,0.36649083551,,-0.0600438848801,,,,,,,,,,,,,,,0.0398189410183,,,,,,,,
Cross Train CPS,0.645953395139,NA,,,0.393695529064,,,-0.159317147676,,,,,,,,,,,,,,,0.0385015114729,,,,,,,
Cross Train CPS,0.636431971937,NA,,,0.347232238306,,,,-0.0269381264425,,,,,,,,,,,,,,,0.0751336162836,,,,,,
Cross Train CPS,0.714858431471,NA,0.241986199828,,,0.434220803644,,,,,,0.157446538128,,,,,,,,,,,,,,,,,,
Cross Train CPS,0.704585316963,NA,,0.0594146023023,,0.586133813966,,,,,,,,,,,0.031446990566,,,,,,,,,,,,,
Cross Train CPS,0.703081934352,NA,,,0.227669058904,0.567150794397,,,,,,,,,,,,,,,0.0365279818397,,,,,,,,,
Cross Train CPS,0.698822350288,NA,,,,0.609167132796,-0.140766414519,,,,,,,,,,,,,,,,,,0.0616344325782,,,,,
Cross Train CPS,0.702079679278,NA,,,,0.613164234632,,-0.173974477298,,,,,,,,,,,,,,,,,,0.0507361433885,,,,
Cross Train CPS,0.700576296668,NA,,,,0.617711418848,,,-0.0830776212635,,,,,,,,,,,,,,,,,,0.037610981367,,,
Cross Train CPS,0.654973690804,NA,0.278760611537,,,,-0.127506243439,,,,,,0.096150511461,,,,,,,,,,,,,,,,,
Cross Train CPS,0.623402655976,NA,,0.194166343665,,,-0.0483667883842,,,,,,,,,,,0.0222892712764,,,,,,,,,,,,
Cross Train CPS,0.64244550238,NA,,,0.36649083551,,-0.0600438848801,,,,,,,,,,,,,,,0.0398189410183,,,,,,,,
Cross Train CPS,0.698822350288,NA,,,,0.609167132796,-0.140766414519,,,,,,,,,,,,,,,,,,0.0616344325782,,,,,
Cross Train CPS,0.624906038587,NA,,,,,0.202512787974,-0.175238372479,,,,,,,,,,,,,,,,,,,,-0.0559563703848,,
Cross Train CPS,0.624906038587,NA,,,,,0.0014592604926,,0.0525402544076,,,,,,,,,,,,,,,,,,,,-0.00341609806227,
Cross Train CPS,0.659984966174,NA,0.259748280583,,,,,-0.257545037047,,,,,,0.122891513156,,,,,,,,,,,,,,,,
Cross Train CPS,0.633174642947,NA,,0.220181943343,,,,-0.160048887012,,,,,,,,,,,0.0316811763434,,,,,,,,,,,
Cross Train CPS,0.645953395139,NA,,,0.393695529064,,,-0.159317147676,,,,,,,,,,,,,,,0.0385015114729,,,,,,,
Cross Train CPS,0.702079679278,NA,,,,0.613164234632,,-0.173974477298,,,,,,,,,,,,,,,,,,0.0507361433885,,,,
Cross Train CPS,0.624906038587,NA,,,,,0.202512787974,-0.175238372479,,,,,,,,,,,,,,,,,,,,-0.0559563703848,,
Cross Train CPS,0.624906038587,NA,,,,,,-0.197544477974,0.214735105479,,,,,,,,,,,,,,,,,,,,,-0.0406302255093
Cross Train CPS,0.647957905287,NA,0.225992273216,,,,,,-0.183471544798,,,,,,0.162840530591,,,,,,,,,,,,,,,
Cross Train CPS,0.630167877725,NA,,0.162299278155,,,,,-0.0388472873559,,,,,,,,,,,0.0717253739859,,,,,,,,,,
Cross Train CPS,0.636431971937,NA,,,0.347232238306,,,,-0.0269381264425,,,,,,,,,,,,,,,0.0751336162836,,,,,,
Cross Train CPS,0.700576296668,NA,,,,0.617711418848,,,-0.0830776212635,,,,,,,,,,,,,,,,,,0.037610981367,,,
Cross Train CPS,0.624906038587,NA,,,,,0.0014592604926,,0.0525402544076,,,,,,,,,,,,,,,,,,,,-0.00341609806227,
Cross Train CPS,0.624906038587,NA,,,,,,-0.197544477974,0.214735105479,,,,,,,,,,,,,,,,,,,,,-0.0406302255093
Cross Train Hos,0.717021785971,NA,0.482448294524,-0.00720182525793,0.0114650372093,0.435063503732,0.121114931396,-0.424799721267,0.273269572009,0.0793420827906,0.00260987412079,0.0270708285278,0.00698141347,-0.0557641096962,-0.075079716159,-0.0457739153217,0.0355879352349,0.000689443770747,0.112574211801,0.00114399589879,-0.0212386940733,0.0167958260541,0.0524191534049,-0.053656141531,-0.136153500528,0.087476911854,0.0476881461518,-0.125055759369,-0.06099754522,-0.0402222618954
Cross Train Hos,0.710797222887,NA,,0.107197483785,0.0185939029729,0.532306877295,0.0593694991871,-0.470914752917,0.169246849102,,,,,,,-0.0505380585546,0.0519637479353,-0.0126723169107,0.06434648183,0.0548535491113,-0.0205814145813,0.029913697684,0.0396144469681,-0.0563433582048,-0.102937685308,0.0611071191769,0.0449456909328,-0.0934623887465,-0.046331037012,-0.0238506117897
Cross Train Hos,0.720373473785,NA,0.506066632298,,-0.0249230403808,0.447175721363,0.115823603344,-0.345698572816,0.270597551492,,0.0420633478213,0.0390328494912,0.0128717861353,-0.0565082503503,-0.0703533147642,,,,,,-0.0205178245915,0.0282360602761,0.0682985448127,-0.0325282011681,-0.119010868961,0.102352519368,0.0363317977841,-0.125591781783,-0.0545994121884,-0.0287902041506
Cross Train Hos,0.715824754609,NA,0.478281690261,-0.00281408338884,,0.437434948465,0.120011040733,-0.415590720062,0.26797617923,0.0779772781661,,0.0276843289217,0.0044566660895,-0.0568945573975,-0.0769368393856,,0.0280756790965,0.000675648374316,0.116528523518,-0.00825133389733,,,,,-0.132599441416,0.0925489025257,0.0375057441087,-0.13323127591,-0.0565059633251,-0.0425302162818
Cross Train Hos,0.683265501556,NA,0.548001668379,0.0606180708746,-0.017092220348,,0.147476281291,-0.287932635679,0.211549659107,0.0792689266232,0.0350067665451,,0.0731951035602,-0.12655244563,-0.0544810219999,-0.0352444783921,,0.0506937209667,0.0915339003678,-0.0294958799568,,0.0538037276285,0.0262687425241,-0.047128514985,,,,-0.151693688653,-0.0274633367863,-0.0210412260383
Cross Train Hos,0.723485755327,NA,0.431256824418,0.033877374026,-0.0120854647516,0.474914267203,,-0.405020931798,0.325211503518,0.0486943961442,0.00862182673427,0.0431511084152,,-0.010365759621,-0.080775445309,-0.0477760797698,0.0225608991909,,0.112281562225,-0.0114213398425,-0.0417583635637,,0.0525558452555,-0.0511462110904,,-0.00844984577676,0.0219714143252,,,-0.131428231649
Cross Train Hos,0.709360785253,NA,0.38955922907,-0.0041646230318,0.0363205996451,0.463969992819,-0.13298326999,,0.122957339383,0.0861658036378,-0.00958311744733,0.0371236303181,-0.00749109633049,,-0.0933748135265,-0.0424524324341,0.0134378865233,0.0883228764201,,0.0151155022638,-0.0203224284288,0.0505755762259,,-0.042242446428,-0.0691104524242,,0.046671866675,,-0.139435302452,
Cross Train Hos,0.721091692602,NA,0.495840047748,-0.0425903548243,0.0451233243603,0.409607215689,0.14082539948,-0.205680803832,,0.0825071386485,-0.00426762508962,0.0247021374344,0.0235630384267,-0.131580510912,,-0.0511404372838,0.0356308418661,-0.0127692156299,0.114243748567,,-0.0184923927114,0.0235115708769,0.00795202054893,,-0.136194505081,0.125646880734,,-0.195102904878,,
Cross Train Hos,0.67584390711,NA,0.41813855195,0.107139441996,,,,,,0.0538099294394,,,,,,,,,,,,,,,,,,,,
Cross Train Hos,0.684941345463,NA,0.454479705213,,0.0214892288676,,,,,,0.0304493263034,,,,,,,,,,,,,,,,,,,
Cross Train Hos,0.723485755327,NA,0.388159885469,,,0.481657988105,,,,,,0.0230073626684,,,,,,,,,,,,,,,,,,
Cross Train Hos,0.679674407469,NA,0.444066379567,,,,0.109014381645,,,,,,-0.00895354760824,,,,,,,,,,,,,,,,,
Cross Train Hos,0.673928656931,NA,0.457164051189,,,,,0.0424228714184,,,,,,-0.0759564059354,,,,,,,,,,,,,,,,
Cross Train Hos,0.676562125928,NA,0.436065191991,,,,,,0.124590664108,,,,,,-0.0498498806618,,,,,,,,,,,,,,,
Cross Train Hos,0.67584390711,NA,0.41813855195,0.107139441996,,,,,,0.0538099294394,,,,,,,,,,,,,,,,,,,,
Cross Train Hos,0.627483840077,NA,,0.170107250652,0.0302887716974,,,,,,,,,,,-0.034491740888,,,,,,,,,,,,,,
Cross Train Hos,0.712473066794,NA,,0.0753390254133,,0.504821017726,,,,,,,,,,,0.0290551184965,,,,,,,,,,,,,
Cross Train Hos,0.627005027532,NA,,0.206622441271,,,-0.0251402133529,,,,,,,,,,,0.0862523295004,,,,,,,,,,,,
Cross Train Hos,0.635863059612,NA,,0.199487948869,,,,-0.160210905474,,,,,,,,,,,0.0857781064376,,,,,,,,,,,
Cross Train Hos,0.628680871439,NA,,0.193931761306,,,,,-0.0110296866667,,,,,,,,,,,0.058327695418,,,,,,,,,,
Cross Train Hos,0.684941345463,NA,0.454479705213,,0.0214892288676,,,,,,0.0304493263034,,,,,,,,,,,,,,,,,,,
Cross Train Hos,0.627483840077,NA,,0.170107250652,0.0302887716974,,,,,,,,,,,-0.034491740888,,,,,,,,,,,,,,
Cross Train Hos,0.711276035432,NA,,,0.0163367768956,0.536481192919,,,,,,,,,,,,,,,-0.0218675389006,,,,,,,,,
Cross Train Hos,0.635384247067,NA,,,0.0631687762421,,0.0688790916823,,,,,,,,,,,,,,,0.0685913898755,,,,,,,,
Cross Train Hos,0.658846061767,NA,,,0.067845942464,,,-0.0840428502376,,,,,,,,,,,,,,,0.0588676519456,,,,,,,
Cross Train Hos,0.638735934881,NA,,,0.0540014521437,,,,0.0469877069058,,,,,,,,,,,,,,,0.0307680223674,,,,,,
Cross Train Hos,0.723485755327,NA,0.388159885469,,,0.481657988105,,,,,,0.0230073626684,,,,,,,,,,,,,,,,,,
Cross Train Hos,0.712473066794,NA,,0.0753390254133,,0.504821017726,,,,,,,,,,,0.0290551184965,,,,,,,,,,,,,
Cross Train Hos,0.711276035432,NA,,,0.0163367768956,0.536481192919,,,,,,,,,,,,,,,-0.0218675389006,,,,,,,,,
Cross Train Hos,0.714148910701,NA,,,,0.575809473216,-0.0918892242059,,,,,,,,,,,,,,,,,,-0.0258281316013,,,,,
Cross Train Hos,0.717261192243,NA,,,,0.584505978565,,-0.183282587715,,,,,,,,,,,,,,,,,,0.0115923266117,,,,
Cross Train Hos,0.713430691884,NA,,,,0.548291454396,,,-0.0307036660107,,,,,,,,,,,,,,,,,,-0.00498479399014,,,
Cross Train Hos,0.679674407469,NA,0.444066379567,,,,0.109014381645,,,,,,-0.00895354760824,,,,,,,,,,,,,,,,,
Cross Train Hos,0.627005027532,NA,,0.206622441271,,,-0.0251402133529,,,,,,,,,,,0.0862523295004,,,,,,,,,,,,
Cross Train Hos,0.635384247067,NA,,,0.0631687762421,,0.0688790916823,,,,,,,,,,,,,,,0.0685913898755,,,,,,,,
Cross Train Hos,0.714148910701,NA,,,,0.575809473216,-0.0918892242059,,,,,,,,,,,,,,,,,,-0.0258281316013,,,,,
Cross Train Hos,0.638735934881,NA,,,,,0.25569914518,-0.270669772352,,,,,,,,,,,,,,,,,,,,-0.0845035136394,,
Cross Train Hos,0.638735934881,NA,,,,,0.0720803803101,,0.00387375275638,,,,,,,,,,,,,,,,,,,,-0.049163133015,
Cross Train Hos,0.673928656931,NA,0.457164051189,,,,,0.0424228714184,,,,,,-0.0759564059354,,,,,,,,,,,,,,,,
Cross Train Hos,0.635863059612,NA,,0.199487948869,,,,-0.160210905474,,,,,,,,,,,0.0857781064376,,,,,,,,,,,
Cross Train Hos,0.658846061767,NA,,,0.067845942464,,,-0.0840428502376,,,,,,,,,,,,,,,0.0588676519456,,,,,,,
Cross Train Hos,0.717261192243,NA,,,,0.584505978565,,-0.183282587715,,,,,,,,,,,,,,,,,,0.0115923266117,,,,
Cross Train Hos,0.638735934881,NA,,,,,0.25569914518,-0.270669772352,,,,,,,,,,,,,,,,,,,,-0.0845035136394,,
Cross Train Hos,0.645199904237,NA,,,,,,-0.27069195809,0.241770689563,,,,,,,,,,,,,,,,,,,,,-0.0522427753665
Cross Train Hos,0.676562125928,NA,0.436065191991,,,,,,0.124590664108,,,,,,-0.0498498806618,,,,,,,,,,,,,,,
Cross Train Hos,0.628680871439,NA,,0.193931761306,,,,,-0.0110296866667,,,,,,,,,,,0.058327695418,,,,,,,,,,
Cross Train Hos,0.638735934881,NA,,,0.0540014521437,,,,0.0469877069058,,,,,,,,,,,,,,,0.0307680223674,,,,,,
Cross Train Hos,0.713430691884,NA,,,,0.548291454396,,,-0.0307036660107,,,,,,,,,,,,,,,,,,-0.00498479399014,,,
Cross Train Hos,0.638735934881,NA,,,,,0.0720803803101,,0.00387375275638,,,,,,,,,,,,,,,,,,,,-0.049163133015,
Cross Train Hos,0.645199904237,NA,,,,,,-0.27069195809,0.241770689563,,,,,,,,,,,,,,,,,,,,,-0.0522427753665
Cross Train Loan,0.717227523857,NA,0.355033438295,-0.0133380164127,0.156473428927,0.561987632189,-0.0672988171522,-0.139365581557,0.0519928507924,0.0574196252736,-0.0720835213115,0.0169453810117,0.048651130576,-0.12827954134,-0.0274037747774,-0.0345831809563,-0.00775298219697,0.0311580509745,-0.00586455050795,-0.0203018028752,0.057912853656,0.0240872154295,0.0488555820155,-0.0407690374422,-0.0150409498028,0.0204165207031,0.0572733924919,-0.110576614459,0.0619038111181,0.0168575789939
Cross Train Loan,0.70944249121,NA,,-0.0282151818474,0.114649681162,0.636605070258,0.044473271832,-0.258521027564,0.0287160397474,,,,,,,-0.00772397630087,-0.00303975959557,0.0445712425894,0.0326927064254,-0.0138217940216,0.0363028782404,0.00602540153169,0.00611742633443,-0.0227230817385,-0.00552600383915,-0.010036513283,0.054873200422,-0.115827178851,0.038198567344,0.0199959840047
Cross Train Loan,0.718232044199,NA,0.350422542199,,0.125580399343,0.555930118996,-0.0505850535322,-0.136445696954,0.0582408821048,,-0.0412052022116,0.0288634664304,0.0536006362003,-0.121886846251,-0.0327491846309,,,,,,0.0504276800875,0.0159843209106,0.0486621878706,-0.0416539659988,-0.00912874041191,0.0157888422138,0.0646555603498,-0.106730323472,0.0494296767166,0.0125940345471
Cross Train Loan,0.712958312406,NA,0.324248700735,0.00532731628049,,0.620239537135,-0.0106123926672,-0.128570363689,0.0325170164418,0.0331610441836,,0.0138936235793,0.0337879837803,-0.126103678916,-0.0208844736492,,0.011930997806,0.0295673883899,0.00897529320187,-0.03278514491,,,,,0.00304670106432,-0.00337567447229,0.0651965061464,-0.0985284564567,0.0473566229294,0.0218586314215
Cross Train Loan,0.678302360623,NA,0.430086433591,0.0716510519338,0.25654234389,,-0.0084635327685,-0.162890686331,0.101333251281,0.0563634087155,-0.0460021011989,,0.0782501901686,-0.11557548382,-0.0392713655941,-0.0316530522268,,0.038952600709,0.0110745829558,-0.000826548538205,,0.0568295434472,0.0265033221635,-0.00520598298592,,,,-0.112207019717,0.0418861533986,0.0532974700352
Cross Train Loan,0.713460572577,NA,0.351370436529,-0.0289151348445,0.136189935688,0.57288386682,,-0.195173076993,0.075174187647,0.0657774361162,-0.0609584232888,0.0186315300171,,-0.102388012369,-0.0318831794224,-0.0251593822759,0.00364935645948,,-0.0272992751634,-0.00181438746173,0.0566008348562,,0.0476880546116,-0.030440331836,,-0.0112898229684,0.0716910477971,,,0.00875688765401
Cross Train Loan,0.70894023104,NA,0.301638757407,-0.032227672393,0.172903418932,0.57557469475,-0.151631473032,,0.016956715192,0.0495143463251,-0.0484465665485,0.0249337557104,0.0120599305741,,-0.0963384157008,-0.036192130313,-0.0115359345383,0.00570016707326,,-0.0093963325489,0.0419522943113,0.0404551663917,,-0.0142104131993,0.00298521138362,,0.0353730375624,,-0.00117931802263,
Cross Train Loan,0.721496735309,NA,0.349417466252,-0.0113938834809,0.180693095292,0.544760251261,-0.0873682233957,-0.103224355337,,0.0588951073974,-0.0748226589761,0.0240793633418,0.0458873879383,-0.134681322174,,-0.0349439401639,-0.00671956004906,0.0365366161276,-0.0243701938837,,0.0568067107101,0.0227468375699,0.017690235283,,-0.000888949897626,0.0509906306621,,-0.058852597212,,
Cross Train Loan,0.670768458061,NA,0.407450084554,0.0990774407862,,,,,,0.0431109103226,,,,,,,,,,,,,,,,,,,,
Cross Train Loan,0.670517327976,NA,0.368381194007,,0.251872528259,,,,,,0.0232426988591,,,,,,,,,,,,,,,,,,,
Cross Train Loan,0.713962832747,NA,0.271560112195,,,0.593080059327,,,,,,0.0166248670446,,,,,,,,,,,,,,,,,,
Cross Train Loan,0.667252636866,NA,0.398869533613,,,,0.0969004562646,,,,,,0.00241717298186,,,,,,,,,,,,,,,,,
Cross Train Loan,0.665494726268,NA,0.466081669289,,,,,-0.0102597764895,,,,,,-0.0653865165829,,,,,,,,,,,,,,,,
Cross Train Loan,0.661225514817,NA,0.423630659016,,,,,,0.0784992006731,,,,,,-0.0574575322494,,,,,,,,,,,,,,,
Cross Train Loan,0.670768458061,NA,0.407450084554,0.0990774407862,,,,,,0.0431109103226,,,,,,,,,,,,,,,,,,,,
Cross Train Loan,0.622049221497,NA,,0.0376692947837,0.298217069916,,,,,,,,,,,0.0138777737158,,,,,,,,,,,,,,
Cross Train Loan,0.700904068307,NA,,-0.0421826694183,,0.666216043798,,,,,,,,,,,0.00245734632392,,,,,,,,,,,,,
Cross Train Loan,0.624811652436,NA,,0.0924642313076,,,0.0707873070237,,,,,,,,,,,0.0727835816461,,,,,,,,,,,,
Cross Train Loan,0.63711702662,NA,,0.142900021447,,,,-0.138825610034,,,,,,,,,,,0.100008229033,,,,,,,,,,,
Cross Train Loan,0.630336514314,NA,,0.125376330071,,,,,-0.0333939992152,,,,,,,,,,,0.101431211095,,,,,,,,,,
Cross Train Loan,0.670517327976,NA,0.368381194007,,0.251872528259,,,,,,0.0232426988591,,,,,,,,,,,,,,,,,,,
Cross Train Loan,0.622049221497,NA,,0.0376692947837,0.298217069916,,,,,,,,,,,0.0138777737158,,,,,,,,,,,,,,
Cross Train Loan,0.702661978905,NA,,,0.118596542905,0.596929391534,,,,,,,,,,,,,,,0.0242401495398,,,,,,,,,
Cross Train Loan,0.628578603717,NA,,,0.294159772918,,0.0219259620561,,,,,,,,,,,,,,,0.0542117002963,,,,,,,,
Cross Train Loan,0.642641888498,NA,,,0.307083981586,,,-0.111918738648,,,,,,,,,,,,,,,0.047832985823,,,,,,,
Cross Train Loan,0.624811652436,NA,,,0.310183756181,,,,-0.0250538762839,,,,,,,,,,,,,,,0.0458135764032,,,,,,
Cross Train Loan,0.713962832747,NA,0.271560112195,,,0.593080059327,,,,,,0.0166248670446,,,,,,,,,,,,,,,,,,
Cross Train Loan,0.700904068307,NA,,-0.0421826694183,,0.666216043798,,,,,,,,,,,0.00245734632392,,,,,,,,,,,,,
Cross Train Loan,0.702661978905,NA,,,0.118596542905,0.596929391534,,,,,,,,,,,,,,,0.0242401495398,,,,,,,,,
Cross Train Loan,0.703666499247,NA,,,,0.677317881927,-0.105837148324,,,,,,,,,,,,,,,,,,0.0311808625979,,,,,
Cross Train Loan,0.70241084882,NA,,,,0.695311049898,,-0.206395825315,,,,,,,,,,,,,,,,,,0.0283571001112,,,,
Cross Train Loan,0.700904068307,NA,,,,0.681474696265,,,-0.121641021658,,,,,,,,,,,,,,,,,,0.0390414336389,,,
Cross Train Loan,0.667252636866,NA,0.398869533613,,,,0.0969004562646,,,,,,0.00241717298186,,,,,,,,,,,,,,,,,
Cross Train Loan,0.624811652436,NA,,0.0924642313076,,,0.0707873070237,,,,,,,,,,,0.0727835816461,,,,,,,,,,,,
Cross Train Loan,0.628578603717,NA,,,0.294159772918,,0.0219259620561,,,,,,,,,,,,,,,0.0542117002963,,,,,,,,
Cross Train Loan,0.703666499247,NA,,,,0.677317881927,-0.105837148324,,,,,,,,,,,,,,,,,,0.0311808625979,,,,,
Cross Train Loan,0.627574083375,NA,,,,,0.270798618287,-0.192420799317,,,,,,,,,,,,,,,,,,,,0.0120211180013,,
Cross Train Loan,0.625565042692,NA,,,,,0.161255235333,,-0.0423661336416,,,,,,,,,,,,,,,,,,,,0.0428771687584,
Cross Train Loan,0.665494726268,NA,0.466081669289,,,,,-0.0102597764895,,,,,,-0.0653865165829,,,,,,,,,,,,,,,,
Cross Train Loan,0.63711702662,NA,,0.142900021447,,,,-0.138825610034,,,,,,,,,,,0.100008229033,,,,,,,,,,,
Cross Train Loan,0.642641888498,NA,,,0.307083981586,,,-0.111918738648,,,,,,,,,,,,,,,0.047832985823,,,,,,,
Cross Train Loan,0.70241084882,NA,,,,0.695311049898,,-0.206395825315,,,,,,,,,,,,,,,,,,0.0283571001112,,,,
Cross Train Loan,0.627574083375,NA,,,,,0.270798618287,-0.192420799317,,,,,,,,,,,,,,,,,,,,0.0120211180013,,
Cross Train Loan,0.632094424912,NA,,,,,,-0.162845212371,0.154585995885,,,,,,,,,,,,,,,,,,,,,0.0699118093378
Cross Train Loan,0.661225514817,NA,0.423630659016,,,,,,0.0784992006731,,,,,,-0.0574575322494,,,,,,,,,,,,,,,
Cross Train Loan,0.630336514314,NA,,0.125376330071,,,,,-0.0333939992152,,,,,,,,,,,0.101431211095,,,,,,,,,,
Cross Train Loan,0.624811652436,NA,,,0.310183756181,,,,-0.0250538762839,,,,,,,,,,,,,,,0.0458135764032,,,,,,
Cross Train Loan,0.700904068307,NA,,,,0.681474696265,,,-0.121641021658,,,,,,,,,,,,,,,,,,0.0390414336389,,,
Cross Train Loan,0.625565042692,NA,,,,,0.161255235333,,-0.0423661336416,,,,,,,,,,,,,,,,,,,,0.0428771687584,
Cross Train Loan,0.632094424912,NA,,,,,,-0.162845212371,0.154585995885,,,,,,,,,,,,,,,,,,,,,0.0699118093378
Cross Train Ins,0.714831621686,NA,0.226869773434,0.0256957156768,-0.116327779122,0.577661610831,-0.121868764522,-0.0702020582525,0.0721687287189,0.013176567537,0.00477212960463,-0.0331166944267,0.060989935646,-0.0365424634037,-0.0357957987257,0.00878858013956,-0.0457151156429,0.00191710957313,0.0154325085198,0.042893594206,-0.00786298204226,-0.0395127737688,0.037977142907,0.0250849824759,0.0603368779278,-0.07374935645,0.0565257588171,-0.0166685309854,0.0463004605807,-0.0567823663819
Cross Train Ins,0.712682111297,NA,,0.0279947329818,-0.0772828151143,0.546012687021,-0.0424634557567,-0.114826951452,-0.0128702980267,,,,,,,0.013143966791,-0.0422706103652,-0.00510380390768,0.0138766989205,0.0458794543334,-0.00176398688732,-0.0318103270834,0.0323845007218,0.0187842607748,0.0725160137615,-0.0720972771674,0.0561002009696,-0.0205067433337,0.0459485397149,-0.0462101050645
Cross Train Ins,0.70718891808,NA,0.227425826092,,-0.101357576975,0.538774982738,-0.135848698144,-0.080963165094,0.118357091201,,0.00166172947381,-0.0107696165174,0.0690713663925,-0.0450863764806,-0.0516342862943,,,,,,-0.0153248894024,-0.0313606772048,0.0468565930873,0.0256862094498,0.0576953931,-0.073546945061,0.0627425351929,0.000241931299809,0.0455017752143,-0.0650473339015
Cross Train Ins,0.716025794125,NA,0.200653712809,0.0214023500907,,0.575332194882,-0.176220878661,-0.021404113668,0.0857181495464,0.0130361586739,,-0.0378024378934,0.0632465391164,-0.0280219573518,-0.0361000454615,,-0.0477482932881,0.00787997718137,0.0171463631466,0.0421963106445,,,,,0.0618525695497,-0.0713312819075,0.0477658457387,-0.00744111294262,0.0488659567437,-0.0704732005232
Cross Train Ins,0.655122999761,NA,0.278989007963,0.0035334110027,-0.135198973487,,0.0686610197957,-0.0611041618867,0.10963131861,0.0151920620223,0.0145067359849,,0.0293219478116,-0.0300008089107,-0.0167674040571,0.0074044943118,,-0.00381158106585,0.028322591353,0.0455435181879,,-0.0268776466044,0.0336900272138,0.0160103954442,,,,-0.0408264284175,0.0941131021867,-0.0775976441574
Cross Train Ins,0.721041318366,NA,0.20966131485,0.0213762640972,-0.111250352015,0.538209059236,,-0.130534435629,0.0652496759497,0.0184805761266,0.0154272562091,-0.0279670227768,,-0.0042226271463,-0.0389486464629,0.0046011712794,-0.0335912963787,,0.0146198452048,0.0497466578697,-0.00757274205563,,0.0227079432284,0.0320158134285,,-0.0499231839451,0.0601703671752,,,-0.0408964314406
Cross Train Ins,0.708621925006,NA,0.190299006764,0.0348118893032,-0.0939671046382,0.56676625586,-0.160848707457,,0.0212073981535,0.0119366794553,0.00760982995692,-0.04691053038,0.0594858702681,,-0.0513669402167,0.00859333456637,-0.0512588016264,0.00800766780151,,0.0563211501596,0.00748545047592,-0.0238622255457,,0.0424862243611,0.0353754517972,,-0.00248573828699,,0.0148679485164,
Cross Train Ins,0.721280152854,NA,0.213623667844,0.0268255303367,-0.100789704734,0.592037003711,-0.0927229046509,-0.0845689853116,,0.0107460074841,-0.0074505225692,-0.0407000961443,0.0576132231097,-0.0427742423116,,0.013360890781,-0.045056907861,0.00143858516474,0.0506656992083,,0.00140714926318,-0.0384254360085,0.057259572581,,0.0681032051583,-0.0455450407682,,-0.00159381893297,,
Cross Train Ins,0.674229758777,NA,0.209833934077,0.0554249986211,,,,,,0.0164563031351,,,,,,,,,,,,,,,,,,,,
Cross Train Ins,0.666825889658,NA,0.198049707286,,-0.0738864727552,,,,,,0.0234105179274,,,,,,,,,,,,,,,,,,,
Cross Train Ins,0.721996656317,NA,0.170542835401,,,0.489769362348,,,,,,-0.0186956407731,,,,,,,,,,,,,,,,,,
Cross Train Ins,0.675423931216,NA,0.207353288514,,,,0.0859619348621,,,,,,0.0167047851633,,,,,,,,,,,,,,,,,
Cross Train Ins,0.670408406974,NA,0.216402743338,,,,,0.0632525257134,,,,,,-0.0172058916758,,,,,,,,,,,,,,,,
Cross Train Ins,0.6718414139,NA,0.219034013739,,,,,,0.100870038442,,,,,,-0.0298684590636,,,,,,,,,,,,,,,
Cross Train Ins,0.674229758777,NA,0.209833934077,0.0554249986211,,,,,,0.0164563031351,,,,,,,,,,,,,,,,,,,,
Cross Train Ins,0.620730833532,NA,,0.0444172576496,-0.0301133214417,,,,,,,,,,,0.0134031158133,,,,,,,,,,,,,,
Cross Train Ins,0.691903510867,NA,,0.0246837994555,,0.482005716746,,,,,,,,,,,-0.0175109334148,,,,,,,,,,,,,
Cross Train Ins,0.641031764987,NA,,0.0235244529681,,,0.0704043364325,,,,,,,,,,,0.0338435650056,,,,,,,,,,,,
Cross Train Ins,0.638882254598,NA,,0.0129539182832,,,,0.00463001173592,,,,,,,,,,,0.0650571127474,,,,,,,,,,,
Cross Train Ins,0.633866730356,NA,,0.0238970950971,,,,,0.0209582608899,,,,,,,,,,,0.0732286974402,,,,,,,,,,
Cross Train Ins,0.666825889658,NA,0.198049707286,,-0.0738864727552,,,,,,0.0234105179274,,,,,,,,,,,,,,,,,,,
Cross Train Ins,0.620730833532,NA,,0.0444172576496,-0.0301133214417,,,,,,,,,,,0.0134031158133,,,,,,,,,,,,,,
Cross Train Ins,0.692381179842,NA,,,-0.0246017500377,0.46644980951,,,,,,,,,,,,,,,0.0149256652985,,,,,,,,,
Cross Train Ins,0.627657033676,NA,,,-0.029545474331,,0.073783373127,,,,,,,,,,,,,,,0.0267924511157,,,,,,,,
Cross Train Ins,0.638882254598,NA,,,-0.0554754325292,,,-0.0210478878169,,,,,,,,,,,,,,,0.0550594751545,,,,,,,
Cross Train Ins,0.631956054454,NA,,,-0.0397762154454,,,,0.00481840201226,,,,,,,,,,,,,,,0.0524066530307,,,,,,
Cross Train Ins,0.721996656317,NA,0.170542835401,,,0.489769362348,,,,,,-0.0186956407731,,,,,,,,,,,,,,,,,,
Cross Train Ins,0.691903510867,NA,,0.0246837994555,,0.482005716746,,,,,,,,,,,-0.0175109334148,,,,,,,,,,,,,
Cross Train Ins,0.692381179842,NA,,,-0.0246017500377,0.46644980951,,,,,,,,,,,,,,,0.0149256652985,,,,,,,,,
Cross Train Ins,0.700740386912,NA,,,,0.504045500611,-0.0997919446604,,,,,,,,,,,,,,,,,,0.0496588749384,,,,,
Cross Train Ins,0.711010269883,NA,,,,0.510214456591,,-0.107924925164,,,,,,,,,,,,,,,,,,-0.00298124733383,,,,
Cross Train Ins,0.696919035109,NA,,,,0.485158547071,,,-0.0649991060795,,,,,,,,,,,,,,,,,,0.0181010977357,,,
Cross Train Ins,0.675423931216,NA,0.207353288514,,,,0.0859619348621,,,,,,0.0167047851633,,,,,,,,,,,,,,,,,
Cross Train Ins,0.641031764987,NA,,0.0235244529681,,,0.0704043364325,,,,,,,,,,,0.0338435650056,,,,,,,,,,,,
Cross Train Ins,0.627657033676,NA,,,-0.029545474331,,0.073783373127,,,,,,,,,,,,,,,0.0267924511157,,,,,,,,
Cross Train Ins,0.700740386912,NA,,,,0.504045500611,-0.0997919446604,,,,,,,,,,,,,,,,,,0.0496588749384,,,,,
Cross Train Ins,0.649390972056,NA,,,,,0.0942823222811,-0.0276963967992,,,,,,,,,,,,,,,,,,,,0.0371347005912,,
Cross Train Ins,0.627895868163,NA,,,,,0.0766544144789,,0.00559990000809,,,,,,,,,,,,,,,,,,,,0.0552747324909,
Cross Train Ins,0.670408406974,NA,0.216402743338,,,,,0.0632525257134,,,,,,-0.0172058916758,,,,,,,,,,,,,,,,
Cross Train Ins,0.638882254598,NA,,0.0129539182832,,,,0.00463001173592,,,,,,,,,,,0.0650571127474,,,,,,,,,,,
Cross Train Ins,0.638882254598,NA,,,-0.0554754325292,,,-0.0210478878169,,,,,,,,,,,,,,,0.0550594751545,,,,,,,
Cross Train Ins,0.711010269883,NA,,,,0.510214456591,,-0.107924925164,,,,,,,,,,,,,,,,,,-0.00298124733383,,,,
Cross Train Ins,0.649390972056,NA,,,,,0.0942823222811,-0.0276963967992,,,,,,,,,,,,,,,,,,,,0.0371347005912,,
Cross Train Ins,0.638882254598,NA,,,,,,-0.0194767770637,0.0665309148693,,,,,,,,,,,,,,,,,,,,,-0.0310462430369
Cross Train Ins,0.6718414139,NA,0.219034013739,,,,,,0.100870038442,,,,,,-0.0298684590636,,,,,,,,,,,,,,,
Cross Train Ins,0.633866730356,NA,,0.0238970950971,,,,,0.0209582608899,,,,,,,,,,,0.0732286974402,,,,,,,,,,
Cross Train Ins,0.631956054454,NA,,,-0.0397762154454,,,,0.00481840201226,,,,,,,,,,,,,,,0.0524066530307,,,,,,
Cross Train Ins,0.696919035109,NA,,,,0.485158547071,,,-0.0649991060795,,,,,,,,,,,,,,,,,,0.0181010977357,,,
Cross Train Ins,0.627895868163,NA,,,,,0.0766544144789,,0.00559990000809,,,,,,,,,,,,,,,,,,,,0.0552747324909,
Cross Train Ins,0.638882254598,NA,,,,,,-0.0194767770637,0.0665309148693,,,,,,,,,,,,,,,,,,,,,-0.0310462430369
